algorithm,quantum,context_switch_time,num_patrons,seed,cpu_util,mean_turnaround,median_turnaround,SD_turnaround,mean_response,median_response,SD_response,mean_wait,median_wait,SD_wait,mean_throughput,median_throughput,SD_throughput
RR,80,3,5,14,90.09,1666.80,1676.00,83.88,95.40,103.00,38.86,804.20,802.00,85.15,2.50,2.50,3.54
FCFS,0,3,5,14,92.49,1635.80,1672.00,117.79,89.60,85.00,54.39,781.20,777.00,150.64,2.50,2.50,3.54
SJF,0,3,5,14,83.48,1480.80,1400.00,458.26,95.20,89.00,57.59,591.00,641.00,217.38,1.67,1.00,2.08
RR,80,3,5,25,87.85,1308.60,1341.00,175.68,90.40,85.00,13.87,557.20,541.00,108.42,2.50,2.50,3.54
FCFS,0,3,5,25,90.41,1303.40,1291.00,128.43,83.20,81.00,14.62,563.60,536.00,79.52,2.50,2.50,3.54
SJF,0,3,5,25,91.34,1148.40,1170.00,136.27,67.60,75.00,22.93,410.60,417.00,171.17,2.50,2.50,3.54
RR,80,3,5,36,91.45,1819.60,1765.00,210.13,110.40,126.00,49.77,984.60,933.00,198.44,1.67,2.00,1.53
FCFS,0,3,5,36,93.77,1783.40,1788.00,80.41,106.20,123.00,48.28,955.00,973.00,89.52,1.67,1.00,2.08
SJF,0,3,5,36,86.65,1537.80,1522.00,494.96,127.60,107.00,95.91,669.40,765.00,350.95,1.67,1.00,2.08
RR,80,3,5,47,85.14,1683.80,1680.00,216.40,162.00,141.00,114.73,888.00,869.00,67.68,1.67,1.00,2.08
FCFS,0,3,5,47,92.95,1605.80,1578.00,143.77,125.00,144.00,45.86,817.40,793.00,95.71,2.50,2.50,3.54
SJF,0,3,5,47,93.27,1450.00,1377.00,289.83,106.40,81.00,56.18,664.00,716.00,120.78,2.50,2.50,3.54
RR,80,3,5,58,91.29,1786.80,1740.00,111.98,239.40,150.00,262.66,955.60,917.00,118.07,1.67,2.00,1.53
FCFS,0,3,5,58,93.45,1674.40,1656.00,171.57,192.60,253.00,95.15,848.00,831.00,50.38,1.67,1.00,2.08
SJF,0,3,5,58,80.36,1444.60,1277.00,468.72,141.60,79.00,145.92,617.20,713.00,301.92,1.67,1.00,2.08
RR,80,3,5,69,87.88,1329.80,1329.00,169.51,61.60,58.00,16.35,601.80,605.00,109.13,2.50,2.50,3.54
FCFS,0,3,5,69,87.66,1376.20,1391.00,125.26,69.60,65.00,20.70,650.60,659.00,154.10,2.50,2.50,3.54
SJF,0,3,5,69,91.24,1210.80,1241.00,234.30,57.60,55.00,18.90,489.80,456.00,82.80,2.50,2.50,2.12
RR,80,3,5,70,84.41,1499.80,1519.00,170.56,62.80,58.00,23.81,655.80,708.00,114.96,2.50,2.50,3.54
FCFS,0,3,5,70,91.39,1508.60,1505.00,66.94,62.60,61.00,22.37,671.00,684.00,105.29,2.50,2.50,3.54
SJF,0,3,5,70,86.79,1427.80,1413.00,191.93,53.60,52.00,12.84,590.20,517.00,132.10,2.50,2.50,3.54
RR,80,3,10,14,90.40,2829.70,2866.50,402.71,269.40,226.00,208.72,1973.90,1997.50,324.96,2.50,1.50,3.32
FCFS,0,3,10,14,92.99,2952.80,3019.00,195.48,271.40,216.50,197.25,2097.50,2143.50,203.72,2.50,1.50,3.32
SJF,0,3,10,14,90.50,2204.20,2450.50,822.75,431.50,136.50,540.69,1350.70,1399.00,391.26,2.50,3.00,1.73
RR,80,3,10,25,88.59,2445.30,2389.50,392.76,146.00,124.00,78.80,1671.60,1550.50,303.70,2.50,2.00,3.00
FCFS,0,3,10,25,93.33,2544.80,2629.00,253.65,133.50,89.00,81.37,1775.10,1850.00,209.13,2.50,1.50,3.32
SJF,0,3,10,25,89.96,1948.30,2015.00,682.33,238.50,68.50,377.21,1181.40,1147.50,420.75,2.50,2.50,2.38
RR,80,3,10,36,91.95,3221.30,3331.50,360.43,364.20,236.00,403.28,2431.60,2492.50,346.44,2.50,1.00,3.79
FCFS,0,3,10,36,93.80,3208.70,3309.00,220.88,303.30,256.50,228.68,2422.60,2456.50,259.26,2.50,1.00,3.79
SJF,0,3,10,36,92.52,2390.90,2395.50,932.10,466.60,72.00,708.27,1609.00,1674.50,548.62,2.50,2.50,2.38
RR,80,3,10,47,90.29,2879.40,2874.50,290.73,313.20,349.50,202.13,2109.40,2103.50,232.58,2.50,1.00,3.79
FCFS,0,3,10,47,93.38,2778.30,2773.50,99.30,318.50,281.50,228.99,2013.00,2027.00,155.74,2.50,2.00,3.00
SJF,0,3,10,47,88.17,2003.30,1991.00,744.21,475.80,122.50,765.34,1237.90,1427.00,575.49,2.50,3.00,1.91
RR,80,3,10,58,91.60,3098.30,3185.00,598.09,406.40,339.00,322.71,2325.00,2454.00,524.33,2.00,1.00,2.55
FCFS,0,3,10,58,94.72,3138.80,3242.00,365.25,360.60,295.00,210.48,2370.00,2441.00,371.62,2.00,1.00,2.92
SJF,0,3,10,58,93.24,2289.90,1847.50,896.63,453.80,294.00,528.47,1521.90,1524.00,420.80,2.00,2.00,1.58
RR,80,3,10,69,89.48,2436.30,2549.00,252.38,259.60,127.50,290.56,1687.60,1743.00,240.41,2.50,1.50,3.32
FCFS,0,3,10,69,92.88,2356.60,2416.50,265.64,215.30,152.50,177.36,1607.90,1610.00,260.88,3.33,1.00,4.93
SJF,0,3,10,69,92.89,1942.70,1903.50,665.84,254.70,79.50,416.79,1195.90,1370.50,489.00,3.33,4.00,3.06
RR,80,3,10,70,90.98,2750.00,2829.00,321.57,374.40,163.50,440.97,1942.40,2096.50,362.20,2.50,2.00,3.00
FCFS,0,3,10,70,93.48,2697.30,2734.50,172.57,265.10,173.00,245.50,1891.90,1955.50,175.63,2.50,2.50,2.89
SJF,0,3,10,70,91.35,1966.50,1807.50,762.59,559.60,65.50,837.19,1163.70,1092.50,287.75,2.50,2.50,1.29
RR,80,3,25,14,91.86,6098.40,6064.00,1088.42,898.80,745.00,918.39,5297.40,5272.00,1025.45,2.78,2.00,3.03
FCFS,0,3,25,14,94.26,6260.44,6606.00,805.45,783.64,731.00,509.27,5460.68,5867.00,820.80,3.13,1.00,5.44
SJF,0,3,25,14,91.59,4504.36,4698.00,1720.74,1044.00,98.00,1785.31,3704.60,3789.00,1259.40,2.78,3.00,2.11
RR,80,3,25,25,91.72,5988.80,6045.00,1172.69,701.24,490.00,776.12,5239.56,5412.00,1156.65,2.78,2.00,3.67
FCFS,0,3,25,25,94.14,5908.40,6509.00,1041.43,753.28,647.00,601.45,5161.00,5703.00,1054.26,3.13,1.50,4.73
SJF,0,3,25,25,94.17,3991.68,3935.00,2039.76,1195.60,94.00,1829.56,3246.28,3087.00,1475.94,3.13,3.00,1.96
RR,80,3,25,36,92.13,6518.96,6474.00,801.59,1109.36,878.00,1003.75,5733.88,5686.00,805.32,2.78,1.00,3.99
FCFS,0,3,25,36,94.40,6451.20,6643.00,591.17,928.44,941.00,596.52,5668.52,5816.00,592.34,2.78,0.00,3.83
SJF,0,3,25,36,92.87,4158.20,4291.00,2002.57,1278.40,139.00,1920.05,3374.56,3167.00,1555.60,2.78,2.00,1.79
RR,80,3,25,47,92.23,6639.52,6806.00,1136.55,998.60,778.00,872.10,5848.60,6096.00,1087.63,2.78,1.00,3.73
FCFS,0,3,25,47,94.54,6729.36,7094.00,756.09,795.08,827.00,474.43,5939.48,6309.00,771.45,2.78,2.00,3.93
SJF,0,3,25,47,93.16,4341.88,4684.00,2291.67,1048.16,137.00,1777.47,3552.36,3571.00,1592.01,2.78,3.00,1.20
RR,80,3,25,58,91.51,6994.60,7369.00,1051.65,1107.00,842.00,1073.86,6207.44,6494.00,988.18,2.50,1.00,3.89
FCFS,0,3,25,58,94.66,7006.40,7257.00,603.54,805.68,858.00,436.32,6221.20,6455.00,595.42,2.78,0.00,4.24
SJF,0,3,25,58,94.77,4845.76,4629.00,1929.39,1135.20,339.00,1549.18,4061.56,3861.00,1609.61,2.78,3.00,2.05
RR,80,3,25,69,92.03,5674.16,5940.00,1178.09,752.16,719.00,634.93,4928.32,5228.00,1140.33,3.13,1.00,4.05
FCFS,0,3,25,69,93.97,5643.60,6104.00,1031.84,696.60,808.00,463.61,4899.48,5358.00,1031.02,3.13,1.00,4.12
SJF,0,3,25,69,93.73,4172.52,4513.00,1825.58,1022.32,103.00,1579.90,3428.60,3447.00,1348.63,3.13,3.00,1.96
RR,80,3,25,70,91.77,6162.60,6341.00,1063.81,912.28,790.00,818.34,5379.32,5502.00,1030.93,2.78,2.00,3.49
FCFS,0,3,25,70,94.10,6269.08,6645.00,720.66,715.52,760.00,454.11,5486.52,5839.00,743.67,3.13,1.00,5.14
SJF,0,3,25,70,94.02,3896.12,3538.00,2056.92,1615.60,96.00,2144.30,3114.40,3130.00,1563.55,3.13,3.00,2.03
RR,80,3,50,14,92.27,12725.48,13056.00,2682.63,1807.18,1477.00,1591.11,11916.66,12280.00,2626.78,2.78,1.50,3.64
FCFS,0,3,50,14,94.72,12712.54,13812.00,2217.50,1530.98,1721.00,874.68,11906.08,12960.00,2203.60,2.94,1.00,4.48
SJF,0,3,50,14,94.72,8191.86,8553.00,4416.87,2335.16,128.50,3768.36,7386.16,7839.50,2551.95,2.94,3.00,1.64
RR,80,3,50,25,92.25,12459.24,12474.00,3009.58,1679.36,1438.00,1561.65,11692.08,11714.50,2956.88,2.78,2.00,3.02
FCFS,0,3,50,25,94.74,12490.00,13901.50,2798.71,1511.04,1585.50,920.94,11725.74,13038.50,2783.77,2.94,2.00,4.34
SJF,0,3,50,25,94.75,8137.70,7742.50,4575.92,2246.32,107.00,3671.94,7372.52,7815.50,2910.45,2.94,3.00,1.30
RR,80,3,50,36,92.30,12421.02,12348.00,1960.05,1846.86,1634.00,1427.88,11621.68,11684.50,1921.84,2.94,1.00,3.99
FCFS,0,3,50,36,94.61,12216.82,12995.50,1729.31,1709.30,1734.00,936.01,11418.42,12189.50,1739.56,2.94,1.00,4.29
SJF,0,3,50,36,94.63,7930.68,8180.50,4247.12,2183.58,102.00,3691.05,7133.24,7029.00,2555.81,2.94,3.00,1.68
RR,80,3,50,47,92.35,12749.16,12673.50,2166.38,1734.24,1490.50,1482.81,11968.06,11985.00,2111.25,2.78,1.00,4.14
FCFS,0,3,50,47,94.62,12815.66,13742.00,1836.33,1532.34,1548.00,893.29,12036.64,12994.50,1841.57,2.94,1.00,4.35
SJF,0,3,50,47,94.76,7846.78,7549.50,4494.02,2181.80,140.50,3710.53,7067.50,7314.50,2456.85,2.94,3.00,1.39
RR,80,3,50,58,92.29,12586.32,12558.50,2059.64,2023.64,1619.50,1859.84,11820.26,11800.00,2053.45,2.94,1.00,4.22
FCFS,0,3,50,58,94.73,12507.60,13247.50,1596.83,1777.40,1657.50,1099.39,11741.88,12459.00,1575.95,2.94,1.00,4.42
SJF,0,3,50,58,94.60,8097.70,7848.00,3969.78,2605.64,118.50,4158.51,7331.56,6784.50,3362.28,2.94,3.00,1.75
RR,80,3,50,69,92.23,11952.30,12172.00,2841.13,1538.18,1369.50,1304.59,11204.36,11472.50,2817.19,2.94,1.00,3.70
FCFS,0,3,50,69,94.71,11872.08,13007.00,2543.21,1379.60,1402.00,841.70,11125.62,12244.00,2539.81,2.94,1.00,4.35
SJF,0,3,50,69,92.98,7962.94,7897.50,4174.51,1905.74,148.00,2767.11,7217.76,7963.00,2680.68,2.94,3.00,1.56
RR,80,3,50,70,92.40,12555.94,12567.50,2817.19,1720.36,1500.50,1373.03,11781.44,11840.00,2777.70,2.78,2.00,2.98
FCFS,0,3,50,70,94.90,12777.90,13870.50,2339.58,1542.30,1425.50,962.77,12005.54,13117.50,2372.12,2.78,1.00,3.62
SJF,0,3,50,70,94.82,7878.50,6722.00,4598.21,3335.32,697.50,4248.11,7105.28,7405.50,2796.28,2.78,2.50,1.52
RR,80,3,75,14,92.44,18725.25,19137.00,3812.28,2649.52,2166.00,2223.72,17920.89,18294.00,3776.31,2.88,1.50,3.63
FCFS,0,3,75,14,94.83,18913.40,20558.00,3438.50,2247.59,2318.00,1268.48,18109.05,19743.00,3429.81,3.00,1.00,4.72
SJF,0,3,75,14,93.79,12071.03,12757.00,6420.91,2918.04,121.00,4834.42,11267.87,12080.00,4566.43,3.00,3.00,1.35
RR,80,3,75,25,92.41,18223.15,18654.00,4110.01,2614.65,2061.00,2458.19,17458.57,17896.00,4065.78,2.88,1.00,3.46
FCFS,0,3,75,25,94.79,18575.35,20468.00,4025.86,2292.51,2276.00,1371.40,17811.36,19669.00,4019.72,3.00,1.00,4.65
SJF,0,3,75,25,94.05,11702.97,11418.00,6471.96,3307.04,106.00,5560.00,10939.23,11184.00,4756.33,3.00,3.00,1.32
RR,80,3,75,36,92.26,18401.84,18395.00,3057.47,2761.57,2402.00,2378.56,17598.15,17734.00,3037.95,2.88,1.00,4.07
FCFS,0,3,75,36,94.75,18575.04,19980.00,3013.43,2306.99,2614.00,1163.81,17772.21,19144.00,3015.55,3.00,1.00,4.42
SJF,0,3,75,36,94.78,11798.96,12356.00,6405.16,3625.00,94.00,5644.03,10997.55,11650.00,4356.92,3.00,3.00,1.91
RR,80,3,75,47,92.20,18755.28,18621.00,3080.11,2514.84,2076.00,2128.62,17986.16,17896.00,3048.19,3.00,0.00,4.34
FCFS,0,3,75,47,94.67,18541.52,19925.00,2930.35,2418.13,2346.00,1494.77,17773.76,19082.00,2935.86,3.00,1.00,4.73
SJF,0,3,75,47,94.62,12057.33,11471.00,5917.04,2792.92,106.00,5236.78,11289.91,11362.00,4354.19,3.00,3.00,1.61
RR,80,3,75,58,91.87,18924.47,18610.00,3104.80,2975.67,2488.00,2428.34,18164.57,17937.00,3063.15,2.88,0.50,4.13
FCFS,0,3,75,58,94.67,18598.89,19954.00,2872.66,2559.15,2710.00,1441.02,17839.87,19147.00,2865.65,3.00,1.00,4.73
SJF,0,3,75,58,94.13,12140.99,11832.00,6016.86,3090.87,101.00,5442.31,11382.60,11122.00,4047.32,3.00,4.00,1.87
RR,80,3,75,69,92.31,17317.28,17816.00,3951.42,2495.03,1947.00,2256.80,16572.96,17009.00,3901.83,3.00,1.00,3.84
FCFS,0,3,75,69,94.54,17641.56,19487.00,3783.89,2169.05,1915.00,1346.12,16898.79,18782.00,3786.66,3.13,1.00,4.68
SJF,0,3,75,69,94.56,11117.23,11736.00,5945.20,4304.37,359.00,5665.73,10374.24,10341.00,4212.23,3.13,3.50,1.51
RR,80,3,75,70,92.34,19005.01,19761.00,3777.52,2540.52,2295.00,2003.21,18237.84,19077.00,3773.87,2.88,1.00,4.33
FCFS,0,3,75,70,94.83,18787.43,20476.00,3399.75,2294.53,2488.00,1349.59,18020.32,19664.00,3391.52,3.00,1.00,4.80
SJF,0,3,75,70,94.23,11704.92,12308.00,6592.48,4401.68,169.00,6371.95,10939.36,11580.00,4636.21,3.00,3.00,1.55
RR,80,3,5,14,90.96,1593.40,1607.00,105.26,92.40,86.00,55.81,734.60,798.00,119.17,2.50,2.50,3.54
FCFS,0,3,5,14,92.65,1629.60,1666.00,118.20,90.00,85.00,53.62,773.20,767.00,152.13,2.50,2.50,3.54
SJF,0,3,5,14,83.78,1405.00,1308.00,426.61,90.40,85.00,54.72,547.20,595.00,196.49,1.67,1.00,2.08
RR,80,3,5,25,89.67,1265.80,1315.00,175.25,77.60,79.00,15.34,523.00,550.00,92.82,2.50,2.50,3.54
FCFS,0,3,5,25,90.65,1300.40,1289.00,128.84,83.40,82.00,15.47,560.60,532.00,78.70,2.50,2.50,3.54
SJF,0,3,5,25,91.45,1144.40,1168.00,137.56,68.20,76.00,24.00,407.40,414.00,171.99,2.50,2.50,3.54
RR,80,3,5,36,92.04,1803.60,1745.00,204.55,103.60,119.00,46.91,971.40,922.00,192.12,1.67,2.00,1.53
FCFS,0,3,5,36,93.81,1785.40,1786.00,77.92,107.20,124.00,48.28,957.00,965.00,86.21,1.67,1.00,2.08
SJF,0,3,5,36,87.97,1435.40,1386.00,453.16,108.60,90.00,89.22,610.80,723.00,314.97,1.67,1.00,2.08
RR,80,3,5,47,85.42,1676.40,1674.00,214.28,156.60,134.00,112.10,880.80,861.00,65.17,1.67,1.00,2.08
FCFS,0,3,5,47,93.10,1588.20,1559.00,143.62,119.80,138.00,44.12,803.00,776.00,95.63,2.50,2.50,3.54
SJF,0,3,5,47,93.46,1446.20,1373.00,289.96,104.40,79.00,55.59,659.40,713.00,120.34,2.50,2.50,3.54
RR,80,3,5,58,90.98,1795.60,1745.00,114.75,240.20,151.00,264.00,963.00,928.00,121.33,1.67,2.00,1.53
FCFS,0,3,5,58,93.75,1675.20,1656.00,172.26,192.00,252.00,95.45,848.80,835.00,52.72,1.67,1.00,2.08
SJF,0,3,5,58,80.75,1435.00,1367.00,448.28,204.40,248.00,110.92,611.00,703.00,295.88,1.67,1.00,2.08
RR,80,3,5,69,87.50,1337.40,1333.00,170.64,63.60,60.00,16.44,608.80,609.00,109.42,2.50,2.50,3.54
FCFS,0,3,5,69,88.60,1344.80,1354.00,167.41,63.00,61.00,17.26,619.40,651.00,123.82,2.50,2.50,3.54
SJF,0,3,5,69,91.11,1210.20,1334.00,273.15,63.60,63.00,17.64,489.60,498.00,87.40,2.50,2.50,2.12
RR,80,3,5,70,84.41,1494.60,1513.00,170.63,62.80,59.00,22.75,652.20,704.00,115.42,2.50,2.50,3.54
FCFS,0,3,5,70,91.68,1504.40,1504.00,66.67,62.40,60.00,22.43,667.20,681.00,105.98,2.50,2.50,3.54
SJF,0,3,5,70,90.93,1465.20,1469.00,210.40,74.60,74.00,25.70,624.20,602.00,120.66,2.50,2.50,3.54
RR,80,3,10,14,90.35,2832.80,2869.00,400.40,271.20,226.50,211.84,1976.90,2001.50,321.20,2.50,1.50,3.32
FCFS,0,3,10,14,92.47,2905.40,3046.00,266.60,275.30,217.50,208.18,2048.00,2117.00,200.08,2.50,1.50,3.32
SJF,0,3,10,14,90.52,2198.10,2442.00,819.26,428.90,133.50,540.64,1344.60,1395.00,390.74,2.50,3.00,1.73
RR,80,3,10,25,88.67,2431.90,2378.00,391.55,148.00,126.00,78.85,1660.40,1540.00,304.34,2.50,1.50,3.32
FCFS,0,3,10,25,93.38,2552.50,2573.00,223.15,145.30,125.00,76.87,1780.70,1863.00,199.84,2.50,2.00,3.00
SJF,0,3,10,25,90.02,1957.70,2025.50,683.21,241.70,71.00,379.58,1189.20,1157.00,420.83,2.50,2.50,2.38
RR,80,3,10,36,92.08,3220.70,3331.50,359.04,366.50,237.00,404.94,2430.30,2494.50,345.55,2.50,1.00,3.79
FCFS,0,3,10,36,93.93,3201.00,3302.00,221.84,304.30,257.50,228.69,2415.30,2450.50,258.37,2.50,1.00,3.79
SJF,0,3,10,36,92.48,2384.40,2250.00,829.08,525.80,71.00,931.65,1600.20,1760.50,353.92,2.50,3.00,1.73
RR,80,3,10,47,90.32,2879.10,2874.50,292.29,308.70,343.00,202.33,2109.50,2102.00,235.22,2.50,1.00,3.79
FCFS,0,3,10,47,93.33,2787.90,2782.00,100.72,320.00,283.00,229.61,2021.80,2036.00,157.86,2.50,2.00,3.00
SJF,0,3,10,47,88.30,2012.90,2002.00,748.64,477.90,122.00,769.79,1244.90,1435.50,579.52,2.50,3.00,1.91
RR,80,3,10,58,91.52,3161.00,3260.00,505.06,405.90,323.00,332.13,2386.20,2433.00,415.81,2.00,1.00,2.55
FCFS,0,3,10,58,94.60,3143.40,3247.00,367.47,363.10,296.50,211.00,2374.00,2446.00,373.32,2.00,1.00,2.92
SJF,0,3,10,58,91.40,2236.10,2228.50,1066.89,652.00,88.50,1113.63,1467.40,1423.00,535.58,2.00,1.00,2.00
RR,80,3,10,69,89.40,2434.90,2547.00,252.90,259.00,125.50,290.17,1686.50,1745.00,241.45,2.50,1.50,3.32
FCFS,0,3,10,69,92.58,2354.50,2411.50,263.50,216.90,153.50,178.74,1608.00,1608.00,260.02,3.33,1.00,4.93
SJF,0,3,10,69,92.97,1937.00,1899.00,663.70,255.50,81.50,415.04,1190.80,1366.00,486.80,3.33,4.00,3.06
RR,80,3,10,70,91.05,2740.30,2820.00,319.64,373.70,164.00,439.50,1934.40,2089.00,359.63,2.50,2.00,3.00
FCFS,0,3,10,70,93.39,2688.10,2725.50,171.97,265.50,175.00,244.56,1884.40,1951.00,175.51,2.50,2.50,2.89
SJF,0,3,10,70,91.43,1975.90,1792.00,759.75,561.70,64.50,841.74,1170.30,1102.00,279.38,2.50,2.50,1.29
RR,80,3,25,14,91.92,6095.32,6066.00,1092.27,893.96,741.00,914.55,5294.48,5276.00,1029.42,2.78,2.00,3.03
FCFS,0,3,25,14,94.19,6248.76,6605.00,805.15,782.52,723.00,514.17,5448.92,5844.00,820.89,3.13,1.00,5.44
SJF,0,3,25,14,92.79,4110.32,4132.00,1834.44,1311.56,137.00,1911.53,3312.00,3391.00,1217.61,2.78,3.00,1.56
RR,80,3,25,25,91.81,5952.08,6010.00,1166.69,694.88,486.00,768.47,5204.20,5366.00,1150.79,2.78,2.00,3.67
FCFS,0,3,25,25,94.00,5918.64,6519.00,1034.93,758.48,590.00,610.20,5171.24,5699.00,1023.95,3.13,1.50,4.73
SJF,0,3,25,25,94.20,3913.36,3966.00,1978.26,1374.88,95.00,2057.57,3166.60,3001.00,1378.24,3.13,3.50,1.55
RR,80,3,25,36,92.21,6485.24,6433.00,794.86,1104.84,877.00,998.77,5702.56,5653.00,799.40,2.78,1.00,3.90
FCFS,0,3,25,36,94.30,6445.96,6645.00,578.95,923.28,939.00,595.73,5663.56,5806.00,588.90,2.78,0.00,3.83
SJF,0,3,25,36,93.02,4171.32,4319.00,2118.89,1360.04,98.00,2013.97,3390.68,3437.00,1528.24,2.78,3.00,1.72
RR,80,3,25,47,92.17,6704.20,6634.00,1022.87,850.00,712.00,644.84,5913.40,5833.00,972.15,2.78,1.00,4.09
FCFS,0,3,25,47,94.50,6705.12,7068.00,751.01,796.80,831.00,473.46,5916.80,6284.00,766.36,2.78,2.00,3.73
SJF,0,3,25,47,93.60,4504.20,4181.00,2156.36,992.72,87.00,1965.19,3715.16,4078.00,1456.81,2.78,3.00,1.39
RR,80,3,25,58,91.22,7012.56,7418.00,1069.10,1049.96,833.00,1035.02,6226.44,6544.00,1002.26,2.50,1.00,3.87
FCFS,0,3,25,58,94.73,6978.28,7228.00,621.50,800.84,850.00,432.80,6194.80,6426.00,613.76,2.78,0.00,4.24
SJF,0,3,25,58,93.33,4511.72,4445.00,2144.99,1319.56,123.00,2135.77,3727.32,3513.00,1642.44,2.78,2.00,1.79
RR,80,3,25,69,91.33,5808.60,5963.00,977.78,650.72,691.00,423.06,5062.40,5259.00,956.95,3.13,1.50,4.09
FCFS,0,3,25,69,93.91,5661.44,6132.00,1053.57,705.04,814.00,465.42,4917.28,5382.00,1064.56,3.13,1.50,4.09
SJF,0,3,25,69,92.72,4101.96,4256.00,1724.77,1192.60,107.00,1714.54,3356.40,3430.00,1483.92,3.13,3.00,1.89
RR,80,3,25,70,92.07,6088.88,6281.00,1038.24,948.08,871.00,831.43,5308.48,5537.00,1014.93,2.78,1.00,4.18
FCFS,0,3,25,70,94.13,6245.32,6635.00,743.59,719.16,755.00,452.84,5463.96,5827.00,748.71,3.13,1.00,5.44
SJF,0,3,25,70,94.15,3896.40,3548.00,2049.67,1615.44,97.00,2142.48,3115.28,3134.00,1568.01,3.13,3.00,2.03
RR,80,3,50,14,92.39,12696.02,13325.00,2672.54,1692.44,1451.00,1488.12,11887.70,12459.00,2638.70,2.78,1.50,3.75
FCFS,0,3,50,14,94.73,12710.22,13809.50,2216.78,1532.00,1723.50,873.55,11902.80,12957.00,2199.89,2.94,1.00,4.48
SJF,0,3,50,14,92.68,7929.14,7959.00,4211.53,2742.00,249.50,4226.99,7122.98,7166.00,2901.15,2.94,3.00,1.60
RR,80,3,50,25,92.25,12066.36,12097.50,3113.45,1722.96,1425.50,1622.75,11298.26,11420.00,3054.25,2.78,2.00,2.86
FCFS,0,3,50,25,94.73,12572.76,13986.50,2820.23,1525.64,1601.50,932.79,11805.84,13121.50,2794.97,2.94,2.00,4.48
SJF,0,3,50,25,93.90,7922.54,7589.00,4617.16,2457.96,96.50,4083.04,7157.60,7703.50,2938.67,2.94,3.00,1.43
RR,80,3,50,36,92.27,12398.68,12326.00,1961.21,1837.60,1624.00,1423.41,11599.24,11662.50,1919.93,2.94,1.00,3.99
FCFS,0,3,50,36,94.55,12228.04,13011.00,1740.12,1708.30,1734.00,935.95,11429.52,12210.50,1751.22,2.94,1.00,4.31
SJF,0,3,50,36,93.90,7722.76,7801.50,4272.38,2317.36,103.00,3699.46,6924.86,7126.50,2703.11,2.94,3.00,1.75
RR,80,3,50,47,92.34,12795.94,12647.00,2192.09,1845.98,1520.50,1584.49,12015.60,12018.50,2120.46,2.78,1.00,3.99
FCFS,0,3,50,47,94.75,12759.48,13672.50,1896.75,1531.08,1524.50,911.11,11981.22,12938.00,1902.68,2.94,1.00,4.25
SJF,0,3,50,47,94.31,7787.68,8084.00,4339.50,2178.88,132.00,3575.97,7009.20,7318.50,2645.51,2.94,3.00,1.56
RR,80,3,50,58,92.42,12655.30,12572.00,1978.31,1975.98,1626.50,1797.29,11888.36,11798.50,1973.38,2.94,1.00,4.28
FCFS,0,3,50,58,94.57,12531.78,13235.50,1530.82,1769.70,1545.00,1097.81,11766.38,12437.50,1533.24,2.94,1.00,4.53
SJF,0,3,50,58,94.06,8020.88,7754.00,4098.92,2611.36,296.50,3871.96,7254.94,7102.50,3345.80,2.94,3.00,1.52
RR,80,3,50,69,92.18,11881.16,12057.50,2734.87,1443.06,1385.00,1005.29,11134.00,11486.50,2703.25,2.94,2.00,3.53
FCFS,0,3,50,69,94.59,11835.96,12911.50,2561.34,1378.02,1394.50,840.23,11091.68,12193.50,2563.32,3.13,1.00,4.63
SJF,0,3,50,69,94.01,7710.80,7950.50,4068.34,2071.70,234.50,3116.51,6965.38,7494.50,2584.42,2.94,3.00,1.30
RR,80,3,50,70,92.54,12526.96,12538.50,2821.60,1713.34,1500.50,1365.54,11751.88,11814.50,2781.46,2.78,2.00,3.00
FCFS,0,3,50,70,94.87,12767.72,13848.50,2333.45,1540.90,1419.00,964.35,11994.44,13121.50,2365.61,2.78,1.00,3.67
SJF,0,3,50,70,93.58,8203.30,7837.00,4677.41,2716.38,180.50,4019.35,7429.64,7768.00,2887.94,2.78,3.00,1.31
RR,80,3,75,14,92.42,18814.36,18826.00,3893.51,2490.73,2169.00,1911.71,18008.99,18110.00,3855.60,2.88,2.00,3.73
FCFS,0,3,75,14,94.80,18874.01,20521.00,3393.86,2238.32,2321.00,1262.84,18071.44,19686.00,3400.92,3.00,1.00,4.57
SJF,0,3,75,14,94.86,12322.88,12570.00,5907.91,2773.28,98.00,4618.27,11520.35,11780.00,4624.48,3.00,3.00,1.53
RR,80,3,75,25,92.40,18578.97,18909.00,3995.13,2509.88,2068.00,2245.51,17813.37,18159.00,3960.18,2.88,1.00,3.67
FCFS,0,3,75,25,94.76,18602.65,20500.00,4033.56,2292.45,2277.00,1372.93,17839.08,19708.00,4027.96,3.00,1.00,4.63
SJF,0,3,75,25,93.85,11212.65,11341.00,6586.38,4020.56,95.00,6038.96,10448.77,10889.00,4892.33,3.00,3.00,1.38
RR,80,3,75,36,92.19,18312.77,18097.00,3355.46,2879.99,2427.00,2482.32,17509.64,17337.00,3337.00,2.88,1.00,3.70
FCFS,0,3,75,36,94.78,18591.80,19998.00,3017.34,2307.55,2618.00,1163.08,17789.45,19173.00,3023.43,3.00,1.00,4.30
SJF,0,3,75,36,94.69,11589.41,12172.00,6789.29,3544.51,116.00,5328.65,10787.73,11356.00,4139.78,3.00,3.00,1.35
RR,80,3,75,47,92.36,18799.21,18629.00,3170.32,2457.08,2070.00,2032.00,18031.15,17845.00,3135.19,3.00,1.00,4.47
FCFS,0,3,75,47,94.70,18543.25,19927.00,2930.04,2411.69,2345.00,1486.41,17775.44,19080.00,2936.17,3.00,1.00,4.48
SJF,0,3,75,47,94.63,11520.51,11103.00,6370.04,3548.93,130.00,5692.85,10754.19,11432.00,4171.13,3.00,3.00,1.35
RR,80,3,75,58,92.29,18784.07,18549.00,3286.64,2887.92,2492.00,2337.38,18023.72,17867.00,3244.46,2.88,1.00,3.96
FCFS,0,3,75,58,94.60,18520.25,19852.00,2794.48,2553.13,2716.00,1440.94,17763.32,19092.00,2790.76,3.00,1.00,4.86
SJF,0,3,75,58,93.61,11250.24,10596.00,6420.18,4385.49,377.00,5987.57,10493.15,10000.00,4204.77,3.00,3.00,1.58
RR,80,3,75,69,92.37,17694.95,18089.00,4141.16,2338.29,2109.00,1860.22,16950.63,17449.00,4106.80,3.00,1.00,4.24
FCFS,0,3,75,69,94.56,17633.19,19385.00,3745.38,2170.48,1916.00,1350.15,16890.32,18732.00,3743.00,3.13,1.00,4.68
SJF,0,3,75,69,94.12,11240.21,11494.00,5755.78,3788.40,301.00,5456.40,10497.41,11178.00,4278.02,3.13,3.00,1.78
RR,80,3,75,70,92.49,18818.87,19251.00,3806.57,2641.41,2289.00,2226.83,18051.96,18480.00,3789.83,2.88,1.00,4.13
FCFS,0,3,75,70,94.74,18776.92,20469.00,3404.46,2290.43,2479.00,1345.66,18010.68,19664.00,3408.60,3.00,1.00,4.85
SJF,0,3,75,70,94.69,11466.17,12092.00,6740.23,3952.64,177.00,6137.41,10700.73,11061.00,4351.37,3.00,3.00,1.32
RR,80,3,5,14,91.04,1591.80,1601.00,105.78,88.60,82.00,54.04,732.60,797.00,117.59,2.50,2.50,3.54
FCFS,0,3,5,14,92.83,1636.00,1674.00,118.22,89.40,84.00,53.88,778.80,773.00,152.04,2.50,2.50,3.54
SJF,0,3,5,14,84.07,1400.20,1304.00,424.97,89.40,85.00,54.67,544.40,593.00,197.49,1.67,1.00,2.08
RR,80,3,5,25,89.80,1267.40,1272.00,179.23,77.40,80.00,15.84,525.20,557.00,92.55,2.50,2.50,3.54
FCFS,0,3,5,25,90.78,1292.20,1280.00,128.46,75.80,79.00,16.39,553.60,532.00,77.73,2.50,2.50,3.54
SJF,0,3,5,25,91.59,1144.60,1167.00,137.15,66.00,73.00,23.35,407.20,413.00,171.35,2.50,2.50,3.54
RR,80,3,5,36,91.82,1814.00,1756.00,205.43,102.00,118.00,46.07,979.60,929.00,194.20,1.67,2.00,1.53
FCFS,0,3,5,36,93.77,1777.00,1779.00,78.30,106.40,123.00,48.22,950.60,959.00,85.15,1.67,1.00,2.08
SJF,0,3,5,36,87.70,1436.80,1389.00,452.54,109.40,91.00,90.02,612.20,727.00,316.34,1.67,1.00,2.08
RR,80,3,5,47,85.40,1679.40,1676.00,215.61,160.60,140.00,113.81,884.20,863.00,66.01,1.67,1.00,2.08
FCFS,0,3,5,47,93.30,1597.00,1567.00,143.92,119.00,138.00,43.97,809.80,784.00,95.14,2.50,2.50,3.54
SJF,0,3,5,47,93.06,1454.60,1380.00,290.21,110.40,85.00,57.08,667.20,719.00,119.09,2.50,2.50,3.54
RR,80,3,5,58,91.25,1795.40,1747.00,114.39,240.60,150.00,264.82,963.40,926.00,119.76,1.67,2.00,1.53
FCFS,0,3,5,58,93.32,1680.00,1711.00,166.11,194.00,255.00,95.95,852.20,846.00,36.96,1.67,1.00,2.08
SJF,0,3,5,58,80.61,1437.20,1370.00,449.52,206.20,251.00,112.13,612.00,699.00,294.53,1.67,1.00,2.08
RR,80,3,5,69,88.22,1323.40,1320.00,170.53,62.00,60.00,16.60,596.40,601.00,108.41,2.50,2.50,3.54
FCFS,0,3,5,69,88.65,1343.00,1352.00,166.50,65.40,65.00,17.30,618.60,652.00,124.47,2.50,2.50,3.54
SJF,0,3,5,69,91.11,1241.60,1373.00,245.91,73.80,53.00,47.06,517.40,512.00,55.24,2.50,2.50,2.12
RR,80,3,5,70,83.87,1506.20,1529.00,163.44,63.20,60.00,22.71,662.60,655.00,93.82,2.50,2.50,3.54
FCFS,0,3,5,70,91.62,1497.80,1499.00,66.68,62.00,60.00,22.26,662.80,676.00,105.04,2.50,2.50,3.54
SJF,0,3,5,70,86.98,1431.60,1418.00,192.93,54.40,52.00,12.22,592.80,520.00,134.01,2.50,2.50,3.54
RR,80,3,10,14,90.45,2832.60,2870.50,402.76,268.60,224.50,209.87,1976.70,2001.50,323.76,2.50,1.50,3.32
FCFS,0,3,10,14,93.56,2864.60,2978.00,246.83,276.70,234.00,208.16,2011.10,2122.00,224.06,2.50,1.50,3.32
SJF,0,3,10,14,93.73,2245.10,2286.50,851.00,485.50,112.50,629.18,1392.50,1349.00,311.44,2.50,3.00,1.91
RR,80,3,10,25,88.71,2429.70,2375.00,393.24,143.60,122.00,79.35,1657.90,1535.50,305.39,2.50,1.50,3.32
FCFS,0,3,10,25,93.30,2519.10,2539.00,221.53,139.10,120.00,73.96,1752.70,1833.50,196.76,2.50,1.50,3.32
SJF,0,3,10,25,90.17,1961.90,2028.00,683.44,242.80,72.50,380.78,1191.20,1162.50,418.38,2.50,2.50,2.38
RR,80,3,10,36,92.24,3203.00,3320.50,358.89,364.10,235.50,403.45,2413.50,2483.50,351.96,2.50,1.00,3.79
FCFS,0,3,10,36,94.40,3184.60,3307.00,252.32,309.30,254.00,233.94,2397.90,2439.00,256.35,2.50,1.50,3.32
SJF,0,3,10,36,92.50,2403.00,2406.50,939.58,469.60,73.50,710.02,1617.50,1681.50,546.53,2.50,2.50,2.38
RR,80,3,10,47,90.43,2878.80,2874.50,292.63,315.40,351.50,205.70,2110.30,2102.50,234.48,2.50,1.00,3.79
FCFS,0,3,10,47,93.34,2788.60,2782.50,100.73,320.50,283.00,230.70,2023.20,2036.50,156.40,2.50,2.00,3.00
SJF,0,3,10,47,88.40,2096.70,1928.00,798.93,285.00,88.00,497.82,1329.40,1305.00,519.59,2.50,3.00,1.91
RR,80,3,10,58,92.01,3093.40,3080.50,579.31,409.00,336.50,324.35,2320.60,2321.00,504.71,2.00,2.00,2.45
FCFS,0,3,10,58,94.55,3138.10,3241.50,366.48,359.10,292.50,210.03,2369.80,2441.50,374.68,2.00,1.00,2.92
SJF,0,3,10,58,93.15,2297.20,1852.50,898.12,456.20,295.50,531.10,1528.30,1530.00,423.39,2.00,2.00,1.58
RR,80,3,10,69,89.29,2457.80,2571.00,254.67,262.20,129.50,292.77,1707.40,1763.50,240.26,2.50,1.50,3.32
FCFS,0,3,10,69,92.79,2357.20,2407.00,249.69,203.60,88.00,179.28,1609.00,1621.00,230.81,3.33,1.00,4.93
SJF,0,3,10,69,92.64,1939.70,1899.50,664.01,256.70,82.50,415.65,1193.10,1369.50,485.99,3.33,4.00,3.06
RR,80,3,10,70,91.42,2650.50,2761.50,318.00,423.90,161.50,478.29,1847.30,1927.00,342.68,2.50,2.00,3.00
FCFS,0,3,10,70,93.45,2679.50,2716.00,173.03,263.00,172.00,242.69,1876.10,1939.50,175.71,2.50,2.50,2.89
SJF,0,3,10,70,91.28,1969.10,1809.50,762.01,560.30,65.00,838.63,1167.30,1098.00,286.48,2.50,2.50,1.29
RR,80,3,25,14,91.92,6106.00,6075.00,1092.76,897.72,742.00,917.52,5303.40,5282.00,1029.03,2.78,2.00,3.03
FCFS,0,3,25,14,94.14,6259.64,6606.00,805.80,785.72,730.00,510.08,5459.16,5871.00,820.87,3.13,1.00,5.44
SJF,0,3,25,14,91.61,4430.92,4782.00,1885.67,802.36,102.00,1261.48,3629.80,3553.00,1213.86,2.78,3.00,1.72
RR,80,3,25,25,91.87,5840.68,5964.00,1243.91,750.64,548.00,862.14,5092.20,5219.00,1209.59,2.78,2.00,3.19
FCFS,0,3,25,25,94.21,5921.04,6526.00,1047.31,755.32,652.00,598.70,5173.36,5716.00,1066.09,3.13,1.50,4.73
SJF,0,3,25,25,94.05,4012.44,3956.00,2058.05,1318.96,94.00,1987.12,3264.80,3556.00,1363.75,3.13,3.00,1.89
RR,80,3,25,36,91.97,6522.24,6495.00,742.82,1109.00,873.00,1004.40,5737.52,5695.00,761.74,2.78,1.00,3.99
FCFS,0,3,25,36,94.45,6425.56,6623.00,569.27,923.08,941.00,593.50,5644.04,5784.00,576.27,2.78,0.00,4.32
SJF,0,3,25,36,93.02,4256.44,4202.00,2107.13,937.52,56.00,1576.84,3473.84,3270.00,1559.58,2.78,3.00,1.48
RR,80,3,25,47,92.12,6616.76,6645.00,1120.72,995.60,778.00,866.35,5825.84,5826.00,1074.20,2.78,0.00,3.87
FCFS,0,3,25,47,94.52,6711.88,7078.00,757.28,793.32,826.00,471.12,5922.56,6296.00,772.16,2.78,2.00,3.73
SJF,0,3,25,47,94.19,4712.68,4264.00,2012.58,630.12,84.00,1396.77,3923.32,3941.00,1421.41,2.78,3.00,1.99
RR,80,3,25,58,91.35,6904.88,7152.00,1047.32,1036.16,826.00,1030.57,6119.56,6410.00,1013.72,2.50,1.00,3.69
FCFS,0,3,25,58,94.61,7009.56,7263.00,627.22,801.92,850.00,433.72,6225.32,6516.00,617.57,2.78,0.00,4.24
SJF,0,3,25,58,93.22,4644.08,4241.00,2177.89,1359.44,383.00,1732.15,3859.48,3458.00,1640.39,2.78,3.00,1.48
RR,80,3,25,69,92.03,5683.60,6024.00,1220.58,792.92,840.00,651.00,4937.20,5270.00,1190.39,3.13,1.50,4.02
FCFS,0,3,25,69,93.83,5636.24,6153.00,1122.86,711.00,831.00,456.68,4891.40,5354.00,1107.94,3.13,1.50,4.09
SJF,0,3,25,69,94.11,4130.68,4190.00,1774.30,928.04,102.00,1573.15,3386.04,3447.00,1328.23,3.13,3.00,2.03
RR,80,3,25,70,91.90,6205.52,6309.00,986.28,912.00,788.00,828.24,5422.96,5570.00,944.79,2.78,1.00,3.87
FCFS,0,3,25,70,94.09,6256.08,6649.00,770.29,721.56,756.00,457.51,5473.48,5842.00,780.26,3.13,1.00,5.44
SJF,0,3,25,70,93.14,3965.52,3351.00,2050.63,1629.24,98.00,2205.85,3182.96,3390.00,1557.04,3.13,3.50,1.55
RR,80,3,50,14,92.49,12589.90,12897.50,2648.09,1791.92,1458.50,1574.25,11783.22,12126.00,2610.42,2.78,1.00,3.89
FCFS,0,3,50,14,94.79,12712.38,13812.50,2216.29,1532.72,1726.50,872.33,11905.64,12961.00,2213.23,2.94,1.00,4.48
SJF,0,3,50,14,93.80,8132.90,7990.50,4348.02,2191.72,112.50,3560.11,7327.28,7230.50,2582.16,2.94,3.00,1.52
RR,80,3,50,25,92.44,11950.60,11974.50,3077.65,1713.16,1422.00,1605.57,11185.16,11301.00,3018.68,2.78,2.00,2.78
FCFS,0,3,50,25,94.59,12526.30,13927.50,2763.17,1517.90,1593.50,925.32,11761.04,13057.50,2746.87,2.94,2.00,4.41
SJF,0,3,50,25,94.38,8130.86,8448.50,4552.62,2161.22,129.00,3638.59,7366.14,7279.50,2976.77,2.94,3.00,1.52
RR,80,3,50,36,92.26,12164.56,12261.50,2090.80,1943.64,1675.50,1584.38,11364.60,11440.50,2057.79,2.94,2.00,3.77
FCFS,0,3,50,36,94.60,12229.56,13012.50,1730.10,1703.32,1728.00,934.52,11431.40,12200.50,1746.26,2.94,1.00,4.29
SJF,0,3,50,36,93.02,7869.94,8509.00,4268.90,2385.68,100.50,3869.49,7071.14,7073.00,2838.97,2.94,3.00,1.71
RR,80,3,50,47,92.30,12870.98,12826.50,2104.99,1641.40,1419.50,1482.98,12089.58,12017.00,2045.21,2.78,0.50,4.24
FCFS,0,3,50,47,94.84,12790.40,13707.50,1866.51,1534.88,1533.50,909.32,12012.10,12991.50,1881.62,2.94,1.00,4.37
SJF,0,3,50,47,93.59,8096.26,7836.00,4289.60,1747.14,111.50,3097.75,7316.54,7444.50,2751.58,2.94,3.00,1.89
RR,80,3,50,58,92.30,12645.08,12868.00,2039.93,1962.86,1632.00,1767.00,11878.08,12010.50,2030.08,2.94,1.00,4.44
FCFS,0,3,50,58,94.75,12512.36,13225.00,1569.77,1776.22,1648.50,1101.80,11746.68,12440.00,1577.44,2.94,1.00,4.42
SJF,0,3,50,58,94.72,8084.74,7752.50,4078.81,2409.48,264.50,3733.04,7319.10,7681.00,3122.18,2.94,3.00,1.68
RR,80,3,50,69,92.06,11913.42,12121.50,2873.99,1536.00,1367.00,1305.02,11165.72,11453.50,2836.93,2.94,1.00,3.58
FCFS,0,3,50,69,94.56,11844.82,12977.50,2518.27,1377.58,1399.50,845.87,11100.96,12232.00,2513.94,3.13,1.00,4.63
SJF,0,3,50,69,94.33,7655.94,7819.00,3894.14,2056.08,113.50,3112.15,6912.90,6915.50,2313.29,3.13,3.00,1.78
RR,80,3,50,70,92.53,12673.24,13090.50,2707.06,1786.06,1439.00,1573.29,11898.60,12309.00,2700.58,2.78,1.00,3.08
FCFS,0,3,50,70,94.88,12775.84,13863.00,2336.93,1542.14,1423.50,963.94,12003.54,13144.50,2371.76,2.78,1.00,3.66
SJF,0,3,50,70,94.26,7991.16,7446.50,4634.08,2934.66,607.50,4047.47,7218.14,7697.00,2899.74,2.78,2.50,1.22
RR,80,3,75,14,92.53,18647.29,19106.00,3772.61,2631.63,2151.00,2207.97,17842.95,18264.00,3737.10,2.88,1.50,3.67
FCFS,0,3,75,14,94.83,18872.29,20508.00,3414.56,2238.83,2320.00,1258.56,18069.93,19690.00,3409.23,3.00,1.00,4.73
SJF,0,3,75,14,94.75,11681.75,11954.00,6397.23,3467.16,172.00,5101.31,10879.73,11658.00,4380.67,3.00,3.00,1.32
RR,80,3,75,25,92.43,18414.77,18710.00,4031.68,2507.41,2095.00,2241.66,17650.64,17998.00,3990.44,2.88,1.00,3.59
FCFS,0,3,75,25,94.82,18593.25,20477.00,3987.38,2286.49,2276.00,1357.96,17829.71,19660.00,3981.06,3.00,1.00,4.65
SJF,0,3,75,25,93.86,12322.11,12127.00,6071.17,3465.00,103.00,5501.02,11559.16,11608.00,5023.52,3.00,3.00,1.66
RR,80,3,75,36,92.30,18198.03,18052.00,3293.37,2872.65,2416.00,2477.43,17394.80,17221.00,3275.60,2.88,1.00,3.53
FCFS,0,3,75,36,94.74,18568.84,19971.00,3019.53,2306.72,2619.00,1158.84,17767.13,19144.00,3014.82,3.00,1.00,4.41
SJF,0,3,75,36,94.03,11739.43,11559.00,6454.89,3141.57,201.00,4650.16,10938.59,10925.00,4399.35,3.00,3.00,1.41
RR,80,3,75,47,92.37,18677.80,18683.00,3338.92,2293.57,2058.00,1631.69,17909.77,17957.00,3305.96,3.00,1.00,4.41
FCFS,0,3,75,47,94.64,18523.77,19922.00,2910.43,2416.61,2355.00,1485.03,17756.79,19090.00,2912.78,3.00,1.00,4.84
SJF,0,3,75,47,94.03,11185.72,11623.00,6405.60,3561.97,105.00,6007.20,10419.00,10750.00,4186.44,3.00,3.00,1.35
RR,80,3,75,58,92.39,18850.07,18635.00,3060.15,2904.80,2501.00,2356.29,18090.36,17942.00,3007.34,3.00,0.00,4.41
FCFS,0,3,75,58,94.75,18572.84,19926.00,2856.58,2555.80,2707.00,1442.73,17814.24,19120.00,2849.38,3.00,1.00,4.80
SJF,0,3,75,58,93.58,12088.39,12093.00,6367.90,3180.57,98.00,5445.46,11330.41,11250.00,4130.02,3.00,3.00,1.78
RR,80,3,75,69,92.22,17411.03,17983.00,3948.34,2438.88,1949.00,2211.31,16666.13,17178.00,3894.44,3.00,2.00,3.67
FCFS,0,3,75,69,94.60,17588.13,19443.00,3791.18,2159.12,1889.00,1343.46,16845.36,18730.00,3794.43,3.13,1.00,4.66
SJF,0,3,75,69,93.70,11347.15,11316.00,5657.47,3546.44,136.00,5421.10,10604.52,10302.00,4247.10,3.13,4.00,1.62
RR,80,3,75,70,92.37,18755.99,18900.00,3657.47,2431.57,2160.00,1873.52,17988.80,18189.00,3659.10,2.88,1.00,4.01
FCFS,0,3,75,70,94.76,18757.92,20441.00,3390.04,2293.05,2485.00,1348.60,17992.56,19620.00,3380.97,3.00,1.00,4.82
SJF,0,3,75,70,94.41,11449.68,12091.00,6543.85,4180.89,142.00,6111.61,10684.05,11109.00,4597.50,3.00,3.00,1.08
RR,80,3,5,14,91.21,1588.20,1601.00,106.36,90.20,84.00,54.44,729.20,792.00,118.38,2.50,2.50,3.54
FCFS,0,3,5,14,92.71,1637.00,1675.00,118.87,91.60,87.00,54.69,779.40,772.00,152.13,2.50,2.50,3.54
SJF,0,3,5,14,83.55,1409.00,1312.00,425.66,97.20,94.00,56.22,550.40,600.00,200.67,1.67,1.00,2.08
RR,80,3,5,25,89.85,1259.80,1308.00,174.48,77.20,80.00,15.64,519.40,545.00,92.90,2.50,2.50,3.54
FCFS,0,3,5,25,91.23,1294.60,1284.00,129.29,75.40,77.00,15.85,555.00,535.00,77.25,2.50,2.50,3.54
SJF,0,3,5,25,91.78,1136.60,1159.00,137.02,66.80,73.00,23.27,401.00,407.00,171.18,2.50,2.50,3.54
RR,80,3,5,36,91.94,1802.80,1745.00,205.89,102.40,117.00,46.52,971.20,920.00,195.39,1.67,2.00,1.53
FCFS,0,3,5,36,93.99,1776.00,1778.00,77.48,102.40,118.00,46.54,950.60,958.00,82.88,1.67,1.00,2.08
SJF,0,3,5,36,87.82,1438.80,1392.00,452.87,110.20,91.00,90.07,612.00,727.00,316.21,1.67,1.00,2.08
RR,80,3,5,47,85.62,1673.00,1671.00,215.07,154.60,131.00,113.38,878.60,860.00,65.10,1.67,1.00,2.08
FCFS,0,3,5,47,93.46,1588.60,1559.00,143.10,114.20,132.00,41.78,804.40,775.00,95.81,2.50,2.50,3.54
SJF,0,3,5,47,93.12,1455.60,1383.00,290.03,109.00,84.00,56.57,667.40,719.00,118.87,2.50,2.50,3.54
RR,80,3,5,58,90.56,1745.60,1722.00,196.08,223.20,151.00,225.37,912.60,950.00,121.90,1.67,2.00,1.53
FCFS,0,3,5,58,93.45,1677.00,1659.00,170.92,192.60,252.00,95.63,851.40,836.00,52.41,1.67,1.00,2.08
SJF,0,3,5,58,80.74,1440.20,1372.00,449.92,204.00,247.00,111.62,615.00,715.00,298.30,1.67,1.00,2.08
RR,80,3,5,69,89.15,1426.80,1469.00,117.78,71.40,65.00,18.51,699.20,749.00,87.32,2.50,2.50,3.54
FCFS,0,3,5,69,88.60,1333.80,1344.00,166.16,64.40,64.00,16.88,610.40,644.00,123.01,2.50,2.50,3.54
SJF,0,3,5,69,91.11,1234.20,1177.00,218.99,73.40,55.00,51.23,508.80,537.00,86.90,2.50,2.50,3.54
RR,80,3,5,70,84.40,1491.60,1511.00,170.49,63.60,61.00,22.15,650.80,701.00,113.57,2.50,2.50,3.54
FCFS,0,3,5,70,91.79,1503.20,1503.00,66.98,62.40,61.00,22.61,666.40,681.00,106.40,2.50,2.50,3.54
SJF,0,3,5,70,91.46,1457.60,1457.00,214.89,67.40,70.00,21.79,616.80,601.00,116.81,2.50,2.50,3.54
RR,80,3,10,14,90.44,2836.90,2873.50,402.08,270.60,226.50,210.64,1980.30,2004.00,323.45,2.50,1.50,3.32
FCFS,0,3,10,14,93.69,2860.60,2973.00,246.31,269.20,225.50,207.69,2005.50,2115.50,222.51,2.50,1.50,3.32
SJF,0,3,10,14,90.26,2204.70,2452.00,823.48,430.80,137.00,540.54,1350.20,1398.00,391.23,2.50,3.00,1.73
RR,80,3,10,25,88.59,2434.00,2378.50,390.45,147.80,126.50,79.07,1662.80,1540.00,303.53,2.50,1.00,3.79
FCFS,0,3,10,25,93.10,2545.40,2631.50,256.19,133.40,89.00,80.93,1775.10,1853.00,210.87,2.50,1.50,3.32
SJF,0,3,10,25,92.80,1984.10,2134.00,721.31,177.50,76.50,325.50,1215.10,1203.00,390.17,2.50,2.50,2.38
RR,80,3,10,36,92.27,3279.40,3347.00,347.73,368.50,270.00,402.67,2491.00,2537.00,346.58,2.50,0.50,4.36
FCFS,0,3,10,36,94.39,3213.60,3314.50,227.86,305.70,258.00,229.63,2426.40,2447.00,269.18,2.50,1.00,3.79
SJF,0,3,10,36,92.48,2411.00,2417.50,941.25,472.50,76.00,712.06,1624.60,1690.50,549.19,2.50,2.50,2.38
RR,80,3,10,47,90.47,2872.60,2867.00,290.03,311.10,346.50,202.56,2103.00,2093.50,231.97,2.50,1.00,3.79
FCFS,0,3,10,47,93.46,2792.30,2787.50,99.73,322.10,284.00,232.01,2026.90,2043.00,157.18,2.50,2.00,3.00
SJF,0,3,10,47,88.31,2007.70,1995.50,742.12,475.60,120.00,768.34,1241.00,1429.00,577.78,2.50,3.00,1.91
RR,80,3,10,58,92.21,3068.50,2984.50,560.98,393.90,328.00,304.44,2296.40,2215.00,488.87,2.00,2.00,2.45
FCFS,0,3,10,58,94.68,3164.50,3245.50,347.55,362.50,300.00,209.68,2394.80,2444.00,348.76,2.00,1.00,2.92
SJF,0,3,10,58,93.19,2294.20,1851.00,896.71,457.70,297.50,530.14,1527.10,1531.00,422.64,2.00,2.00,1.58
RR,80,3,10,69,91.19,2357.40,2406.00,315.16,214.00,148.00,182.43,1609.50,1672.00,298.32,2.50,2.50,2.38
FCFS,0,3,10,69,92.85,2328.70,2352.00,227.33,210.40,126.50,178.07,1583.70,1608.50,236.45,3.33,1.00,4.93
SJF,0,3,10,69,92.79,1939.40,1900.50,664.84,258.30,85.00,414.27,1192.90,1366.50,483.98,3.33,4.00,3.06
RR,80,3,10,70,91.08,2690.30,2803.00,322.16,430.40,162.00,489.42,1884.10,1963.50,346.15,2.50,2.00,3.00
FCFS,0,3,10,70,93.45,2689.80,2726.50,172.29,265.60,175.00,244.36,1887.10,1951.50,175.74,2.50,2.50,2.89
SJF,0,3,10,70,91.49,1970.40,1809.50,764.50,561.90,69.00,837.30,1164.80,1095.50,284.79,2.50,2.50,1.29
RR,80,3,25,14,92.00,6123.64,6134.00,1118.67,897.08,737.00,915.30,5322.60,5458.00,1054.58,2.78,2.00,3.11
FCFS,0,3,25,14,94.09,6266.20,6619.00,818.16,780.36,731.00,504.40,5465.40,5906.00,816.38,3.13,1.00,5.44
SJF,0,3,25,14,94.12,4344.24,4575.00,1866.85,1420.40,187.00,1957.96,3544.92,4111.00,1404.89,3.13,3.00,2.03
RR,80,3,25,25,90.80,5979.96,6103.00,1292.33,696.24,558.00,769.12,5231.40,5372.00,1264.81,2.78,2.00,3.93
FCFS,0,3,25,25,94.15,5896.44,6504.00,1046.61,749.76,644.00,595.63,5148.92,5692.00,1058.25,3.13,1.50,4.73
SJF,0,3,25,25,94.08,3953.60,3871.00,2023.10,1368.52,98.00,1824.21,3206.00,3189.00,1265.60,3.13,3.00,1.64
RR,80,3,25,36,92.19,6370.44,6340.00,853.23,1218.32,871.00,1140.30,5587.32,5611.00,855.40,2.78,1.00,3.80
FCFS,0,3,25,36,94.33,6447.72,6646.00,573.70,926.84,944.00,599.58,5665.04,5806.00,580.71,2.78,0.00,4.06
SJF,0,3,25,36,93.04,4246.36,4194.00,2094.77,938.12,60.00,1573.68,3465.56,3269.00,1555.63,2.78,3.00,1.56
RR,80,3,25,47,92.21,6596.80,6764.00,1125.90,947.52,783.00,812.90,5807.44,6054.00,1076.01,2.78,1.00,3.70
FCFS,0,3,25,47,94.56,6719.92,7066.00,760.42,794.96,824.00,474.52,5931.36,6332.00,777.56,2.78,2.00,3.73
SJF,0,3,25,47,93.31,4580.80,4978.00,2119.73,955.88,78.00,1916.32,3791.44,3958.00,1442.14,2.78,3.00,1.48
RR,80,3,25,58,92.43,6895.36,7053.00,1047.44,1045.16,853.00,1031.24,6110.08,6392.00,1004.24,2.50,1.00,3.47
FCFS,0,3,25,58,94.75,7013.92,7272.00,631.23,800.72,850.00,433.69,6228.48,6463.00,623.07,2.78,0.00,4.24
SJF,0,3,25,58,91.16,4589.44,4230.00,2051.57,1322.60,97.00,2274.25,3805.04,3598.00,1478.33,2.50,3.00,1.51
RR,80,3,25,69,91.95,5733.96,5931.00,1005.51,654.08,705.00,426.59,4988.28,5185.00,983.29,3.13,2.00,3.72
FCFS,0,3,25,69,93.75,5724.68,6180.00,991.90,705.68,833.00,466.29,4978.24,5438.00,1008.32,3.13,2.00,3.83
SJF,0,3,25,69,91.22,4244.56,4617.00,1840.52,1002.04,94.00,1715.78,3498.68,4024.00,1294.57,3.13,3.00,2.10
RR,80,3,25,70,92.02,6112.44,6304.00,1039.28,955.56,876.00,836.86,5331.72,5555.00,1015.98,2.78,2.00,3.53
FCFS,0,3,25,70,94.10,6220.00,6614.00,766.04,718.00,754.00,453.33,5440.20,5819.00,773.33,3.13,1.00,5.44
SJF,0,3,25,70,92.74,3911.60,3390.00,2057.05,1594.32,94.00,2104.06,3130.52,3135.00,1526.94,3.13,3.00,2.47
RR,80,3,50,14,92.34,12675.08,12998.50,2677.88,1794.28,1465.50,1578.21,11867.94,12227.50,2633.48,2.78,1.00,3.61
FCFS,0,3,50,14,94.73,12671.16,13768.50,2210.06,1528.78,1719.00,872.66,11865.90,12918.00,2198.38,2.94,1.00,4.48
SJF,0,3,50,14,93.77,8031.84,7638.00,4324.11,2086.14,100.50,3657.38,7225.86,7360.50,3006.84,2.94,3.00,1.48
RR,80,3,50,25,91.77,12467.76,12597.00,3105.26,1678.14,1434.00,1556.82,11699.38,11778.50,3068.53,2.78,1.50,3.15
FCFS,0,3,50,25,94.80,12497.36,13916.50,2803.27,1520.10,1584.50,928.86,11731.80,13075.50,2794.57,2.94,2.00,4.44
SJF,0,3,50,25,94.74,8121.60,8158.50,4295.01,2152.32,99.50,3546.69,7356.52,7188.00,2803.54,2.94,3.00,1.64
RR,80,3,50,36,92.27,12394.10,12338.00,1939.22,1843.60,1632.00,1421.66,11594.98,11676.00,1899.63,2.94,1.00,4.16
FCFS,0,3,50,36,94.64,12173.40,12953.00,1723.03,1692.82,1755.50,927.59,11376.36,12172.50,1742.60,2.94,1.00,4.31
SJF,0,3,50,36,93.87,7739.86,7617.00,4174.59,2381.04,108.50,3844.33,6942.70,7157.00,2736.82,2.94,3.00,1.52
RR,80,3,50,47,92.41,12691.56,12570.00,2137.41,1842.66,1514.00,1580.88,11910.80,11931.50,2074.77,2.78,1.00,3.72
FCFS,0,3,50,47,94.82,12805.54,13709.50,1891.31,1522.18,1522.50,899.04,12026.26,12994.50,1907.62,2.94,1.00,4.37
SJF,0,3,50,47,94.16,7865.88,7288.50,4477.35,2080.80,140.50,3441.54,7086.16,7182.00,2538.32,2.94,3.00,1.48
RR,80,3,50,58,92.40,12640.96,12600.00,1829.36,2053.74,1560.00,1869.85,11873.40,11793.00,1806.85,2.94,1.00,4.48
FCFS,0,3,50,58,94.63,12529.70,13258.00,1533.59,1767.40,1546.50,1094.53,11763.78,12446.50,1536.01,2.94,1.00,4.58
SJF,0,3,50,58,93.87,7579.66,7300.00,4340.89,2542.90,206.50,3803.85,6814.90,6376.00,3181.45,2.94,3.00,1.30
RR,80,3,50,69,92.33,11898.70,12093.50,2880.25,1436.48,1370.00,997.84,11152.64,11395.00,2847.60,2.94,1.00,3.73
FCFS,0,3,50,69,94.64,11869.00,13008.50,2531.81,1378.84,1406.00,843.27,11124.04,12262.00,2526.98,2.94,1.00,4.34
SJF,0,3,50,69,94.59,7846.64,7815.50,3909.14,2116.26,142.50,3040.28,7100.54,6563.50,2424.47,2.94,3.00,1.78
RR,80,3,50,70,92.40,12648.70,12693.50,2818.03,1716.38,1500.50,1369.48,11873.66,11984.00,2795.25,2.78,1.50,3.17
FCFS,0,3,50,70,94.87,12786.60,13879.00,2340.08,1543.60,1423.00,964.89,12013.06,13127.00,2368.42,2.78,1.00,3.70
SJF,0,3,50,70,93.63,7643.38,7187.00,4524.57,3435.90,249.50,4553.94,6870.30,7254.50,3138.11,2.78,3.00,1.70
RR,80,3,75,14,92.50,18644.81,18752.00,3761.58,2472.72,2168.00,1892.57,17842.36,17991.00,3727.78,2.88,1.00,3.57
FCFS,0,3,75,14,94.82,18881.89,20500.00,3381.14,2243.47,2337.00,1257.39,18079.77,19719.00,3378.20,3.00,1.00,4.73
SJF,0,3,75,14,93.71,12002.15,12086.00,5979.91,3067.36,169.00,4743.76,11200.80,11137.00,4542.09,3.00,3.00,1.55
RR,80,3,75,25,92.43,18176.44,18453.00,4176.83,2922.13,2479.00,2800.89,17412.04,17749.00,4147.30,2.88,1.50,3.44
FCFS,0,3,75,25,94.79,18624.00,20506.00,3996.69,2281.95,2276.00,1356.97,17859.76,19685.00,3985.68,3.00,1.00,4.62
SJF,0,3,75,25,93.95,11236.35,11323.00,6694.74,4050.28,134.00,6082.60,10472.29,10423.00,5044.42,2.88,3.00,1.40
RR,80,3,75,36,92.30,18102.69,18036.00,3404.98,2861.16,2406.00,2469.99,17298.73,17238.00,3376.98,2.88,1.00,3.47
FCFS,0,3,75,36,94.67,18635.51,20026.00,2987.08,2319.72,2636.00,1163.05,17832.45,19230.00,2986.36,3.00,1.00,4.32
SJF,0,3,75,36,94.75,11819.21,12197.00,6639.03,3593.57,111.00,5455.20,11017.37,11659.00,4227.64,3.00,3.00,1.32
RR,80,3,75,47,92.28,18681.76,18576.00,3389.20,2459.77,2085.00,1967.32,17912.99,17878.00,3356.86,3.00,1.00,4.42
FCFS,0,3,75,47,94.66,18526.76,19911.00,2924.37,2416.75,2353.00,1490.29,17759.37,19069.00,2927.92,3.00,1.00,4.85
SJF,0,3,75,47,94.28,11344.01,10524.00,6273.79,3593.61,128.00,5874.17,10577.27,10808.00,4196.35,3.00,3.00,1.71
RR,80,3,75,58,92.38,18741.09,18484.00,3165.49,2829.43,2488.00,2294.22,17981.28,17823.00,3126.97,2.88,1.00,3.96
FCFS,0,3,75,58,94.74,18581.71,19926.00,2868.29,2568.09,2723.00,1447.31,17823.37,19154.00,2864.69,3.00,1.00,4.86
SJF,0,3,75,58,94.54,11737.12,11610.00,6324.10,2843.08,98.00,5296.47,10978.65,11010.00,4086.09,3.00,3.00,1.47
RR,80,3,75,69,92.27,17609.49,17960.00,3930.66,2445.48,1958.00,2219.28,16865.49,17265.00,3897.35,3.00,2.00,3.79
FCFS,0,3,75,69,94.59,17661.79,19411.00,3789.91,2167.83,1918.00,1341.49,16918.55,18819.00,3801.00,3.13,1.00,4.68
SJF,0,3,75,69,94.16,10910.11,11152.00,6069.78,3234.48,246.00,4662.37,10167.13,10598.00,4365.39,3.13,3.00,1.54
RR,80,3,75,70,92.44,19011.09,19716.00,3791.94,2478.93,2294.00,1943.83,18244.68,18998.00,3787.12,2.88,1.00,4.38
FCFS,0,3,75,70,94.77,18768.09,20451.00,3396.84,2291.12,2488.00,1348.73,18001.79,19647.00,3386.56,3.00,1.00,4.85
SJF,0,3,75,70,94.67,11542.25,11697.00,6749.60,4149.17,171.00,6041.78,10776.60,10888.00,4243.52,3.00,3.00,1.41
