algorithm,quantum,context_switch_time,num_patrons,seed,cpu_util,mean_turnaround,median_turnaround,SD_turnaround,mean_response,median_response,SD_response,mean_wait,median_wait,SD_wait,mean_throughput,median_throughput,SD_throughput
RR,81,1,25,14,94.56,5949.72,6108.00,903.07,820.76,700.00,780.51,5150.56,5245.00,882.09,3.13,0.50,4.58
FCFS,0,1,25,14,97.34,6038.88,6358.00,742.86,759.60,705.00,496.26,5240.40,5583.00,782.18,3.13,1.00,4.88
SJF,0,1,25,14,94.90,3938.56,4140.00,1929.98,1126.40,130.00,1711.47,3140.76,3274.00,1164.63,3.13,3.50,1.36
RR,81,2,25,14,93.86,6005.40,5978.00,1033.70,880.96,746.00,886.85,5205.92,5336.00,972.65,3.13,1.00,4.64
FCFS,0,2,25,14,95.75,6121.12,6458.00,776.99,770.60,712.00,504.59,5323.04,5692.00,793.87,3.13,1.00,5.44
SJF,0,2,25,14,94.26,4027.64,4113.00,1981.72,1205.08,201.00,1693.70,3229.92,3260.00,1152.17,3.13,4.00,1.46
RR,81,3,25,14,91.43,6217.84,6161.00,1048.51,821.08,781.00,737.71,5410.96,5464.00,1004.82,2.78,2.00,3.19
FCFS,0,3,25,14,94.09,6238.24,6580.00,801.63,778.00,735.00,497.02,5440.52,5846.00,811.22,3.13,1.00,5.44
SJF,0,3,25,14,92.79,4331.04,4433.00,1728.23,1017.44,95.00,1688.55,3533.08,3610.00,1236.19,2.78,3.00,1.72
RR,81,4,25,14,90.26,6215.28,6259.00,1094.16,919.72,769.00,934.00,5416.64,5616.00,1031.15,2.78,1.00,3.11
FCFS,0,4,25,14,92.35,6402.60,6813.00,774.37,784.32,771.00,503.26,5602.72,5981.00,775.57,2.78,2.00,4.79
SJF,0,4,25,14,91.58,4563.92,5148.00,1930.65,685.24,124.00,1042.49,3764.52,3889.00,1208.93,2.78,2.00,1.86
RR,81,5,25,14,88.54,6341.60,6316.00,1082.64,945.92,790.00,964.29,5540.88,5618.00,1029.88,2.78,2.00,3.23
FCFS,0,5,25,14,91.04,6446.56,6879.00,828.16,797.72,778.00,505.53,5649.68,6094.00,814.66,2.78,1.00,4.21
SJF,0,5,25,14,91.11,4507.60,4869.00,1991.96,1173.80,111.00,1714.58,3709.56,3812.00,1384.20,2.78,2.00,2.05
RR,81,1,25,25,95.51,5707.60,5937.00,1176.26,734.44,542.00,828.91,4958.64,5039.00,1163.81,3.13,1.50,4.16
FCFS,0,1,25,25,97.45,5650.60,6274.00,1051.60,737.36,610.00,589.98,4904.60,5532.00,1030.83,3.13,2.50,4.02
SJF,0,1,25,25,97.27,3799.32,3978.00,1880.78,729.72,88.00,1429.28,3053.80,3204.00,1040.47,3.13,3.50,1.46
RR,81,2,25,25,93.55,5752.44,5880.00,1220.39,694.16,553.00,760.84,5004.24,5210.00,1189.40,2.78,2.00,3.27
FCFS,0,2,25,25,95.69,5794.60,6369.00,1011.81,739.12,634.00,587.87,5049.40,5573.00,1026.85,3.13,2.50,4.29
SJF,0,2,25,25,95.69,4016.64,4146.00,1997.24,645.04,78.00,1208.73,3269.20,3289.00,1221.28,3.13,3.50,1.55
RR,81,3,25,25,91.79,5979.88,6038.00,1164.27,706.80,498.00,778.11,5231.88,5404.00,1148.19,2.78,2.00,3.67
FCFS,0,3,25,25,93.81,5961.64,6546.00,940.40,756.04,611.00,604.24,5214.44,5746.00,976.70,3.13,1.50,4.73
SJF,0,3,25,25,92.81,3894.72,3878.00,1984.69,1253.60,92.00,1998.22,3148.48,3463.00,1322.87,3.13,4.00,1.25
RR,81,4,25,25,88.50,6176.32,6288.00,1271.86,710.88,518.00,790.56,5428.16,5619.00,1248.44,2.78,2.00,3.07
FCFS,0,4,25,25,92.42,6026.68,6659.00,960.30,765.72,615.00,609.67,5281.60,5775.00,980.96,2.78,1.00,4.18
SJF,0,4,25,25,92.43,3881.56,3869.00,2117.77,1119.72,99.00,1872.09,3134.76,3179.00,1357.97,2.78,3.00,1.48
RR,81,5,25,25,86.96,6261.24,6380.00,1288.69,730.24,533.00,805.83,5515.48,5699.00,1264.91,2.78,2.00,3.07
FCFS,0,5,25,25,90.99,6136.44,6796.00,985.50,779.04,625.00,626.14,5391.16,5892.00,1005.52,2.78,2.00,3.83
SJF,0,5,25,25,90.79,3859.48,3924.00,2033.17,1330.96,109.00,2065.75,3110.96,3323.00,1323.53,2.78,3.00,1.48
RR,81,1,25,36,95.99,6234.52,6185.00,819.61,913.24,838.00,741.90,5452.36,5374.00,796.15,2.78,0.00,4.35
FCFS,0,1,25,36,97.57,6189.12,6384.00,561.03,896.60,902.00,574.41,5408.36,5559.00,563.53,3.13,0.50,4.73
SJF,0,1,25,36,95.72,4201.60,4560.00,1876.60,1062.32,88.00,1849.75,3420.36,3487.00,1457.73,2.78,3.00,2.11
RR,81,2,25,36,93.17,6492.80,6481.00,897.78,924.48,848.00,732.66,5702.12,5669.00,890.41,2.78,1.00,3.83
FCFS,0,2,25,36,95.97,6318.52,6498.00,566.70,913.88,935.00,581.95,5537.72,5677.00,568.47,2.78,0.00,4.63
SJF,0,2,25,36,94.61,4215.12,4463.00,1964.84,1301.84,116.00,1892.83,3433.56,3013.00,1520.55,2.78,3.00,2.28
RR,81,3,25,36,92.10,6502.20,6442.00,790.30,1108.20,880.00,997.65,5720.04,5757.00,788.12,2.78,1.00,4.38
FCFS,0,3,25,36,94.31,6402.72,6605.00,577.35,918.28,937.00,590.69,5622.72,5770.00,583.82,2.78,0.00,4.63
SJF,0,3,25,36,93.17,4128.64,4158.00,2139.69,1302.56,90.00,1928.90,3347.48,2920.00,1456.66,2.78,3.00,1.48
RR,81,4,25,36,90.43,6614.92,6541.00,795.63,1132.40,905.00,1019.94,5833.52,5812.00,795.09,2.78,1.00,4.15
FCFS,0,4,25,36,92.85,6549.92,6745.00,581.58,949.04,971.00,607.50,5768.76,5906.00,597.83,2.78,0.00,3.90
SJF,0,4,25,36,92.97,4297.32,4540.00,2039.62,1200.52,93.00,1798.66,3516.28,3433.00,1619.05,2.78,3.00,1.64
RR,81,5,25,36,88.76,6524.60,6469.00,970.55,1330.20,975.00,1194.05,5741.76,5798.00,968.95,2.78,1.00,3.77
FCFS,0,5,25,36,91.32,6677.32,6874.00,551.26,952.24,992.00,608.74,5897.68,6089.00,619.53,2.78,0.00,4.12
SJF,0,5,25,36,91.47,4296.12,4094.00,2156.51,1599.16,141.00,2228.34,3514.36,3283.00,1610.76,2.78,3.00,1.86
RR,81,1,25,47,95.64,6387.16,6553.00,1078.55,972.16,773.00,836.04,5597.40,5845.00,1026.64,2.78,2.00,3.11
FCFS,0,1,25,47,97.60,6489.68,6855.00,720.49,768.08,792.00,460.19,5700.72,6054.00,733.13,2.78,2.00,3.63
SJF,0,1,25,47,96.51,4278.52,4538.00,2115.13,1281.28,137.00,1816.25,3492.28,3738.00,1524.57,2.78,3.00,1.30
RR,81,2,25,47,93.93,6498.48,6667.00,1100.62,939.36,779.00,802.47,5710.36,5957.00,1051.74,2.78,2.00,3.23
FCFS,0,2,25,47,95.90,6628.96,6968.00,686.42,789.00,830.00,464.80,5841.00,6178.00,720.67,2.78,1.00,3.87
SJF,0,2,25,47,94.05,4037.16,4117.00,2328.21,1037.96,154.00,1495.72,3248.68,3571.00,1428.37,2.78,3.00,1.30
RR,81,3,25,47,91.97,6709.40,6608.00,1004.68,857.40,728.00,647.29,5920.92,5821.00,962.48,2.78,1.00,3.93
FCFS,0,3,25,47,94.34,6667.76,7028.00,747.75,789.56,825.00,468.72,5881.48,6248.00,754.91,2.78,2.00,3.73
SJF,0,3,25,47,93.30,4576.48,4781.00,2206.88,940.76,109.00,1761.20,3789.40,3955.00,1552.18,2.78,3.00,1.64
RR,81,4,25,47,90.13,6849.20,6773.00,1048.72,884.28,755.00,669.84,6059.52,5924.00,999.00,2.78,0.00,4.02
FCFS,0,4,25,47,92.69,6882.08,7212.00,716.13,820.76,872.00,474.95,6092.56,6479.00,734.31,2.78,1.00,3.96
SJF,0,4,25,47,89.57,4430.76,4325.00,2180.15,1141.56,100.00,2041.07,3642.64,3900.00,1559.92,2.78,2.00,1.64
RR,81,5,25,47,88.71,6866.76,6821.00,1100.23,954.56,800.00,764.17,6077.64,6022.00,1023.14,2.78,1.00,3.96
FCFS,0,5,25,47,91.54,6924.60,7292.00,778.10,823.28,867.00,489.59,6137.48,6520.00,778.50,2.78,1.00,4.02
SJF,0,5,25,47,89.26,4584.96,4395.00,2292.37,694.28,71.00,1395.50,3798.04,4246.00,1623.57,2.78,3.00,1.64
RR,81,1,25,58,95.94,6647.08,6709.00,1053.44,1007.16,823.00,988.99,5863.08,5822.00,998.78,2.78,1.00,3.63
FCFS,0,1,25,58,97.68,6727.68,6948.00,624.14,781.32,812.00,429.98,5946.88,6231.00,610.90,2.78,1.00,4.06
SJF,0,1,25,58,97.50,4693.00,4570.00,2029.15,872.60,132.00,1499.37,3911.52,3674.00,1429.76,2.78,3.00,1.64
RR,81,2,25,58,94.17,6715.24,7066.00,1067.12,1026.20,844.00,1010.35,5931.64,6269.00,1026.47,2.78,1.00,3.56
FCFS,0,2,25,58,96.15,6814.24,7037.00,651.78,783.88,827.00,418.81,6033.96,6329.00,638.48,2.78,1.00,4.02
SJF,0,2,25,58,95.44,4669.88,4252.00,1997.28,1087.32,151.00,1853.83,3886.68,3920.00,1607.86,2.78,3.00,1.56
RR,81,3,25,58,91.36,7014.60,7250.00,1012.94,1105.28,850.00,1075.42,6229.64,6487.00,959.62,2.50,1.00,3.87
FCFS,0,3,25,58,94.59,6957.32,7212.00,664.67,803.56,854.00,431.19,6176.52,6413.00,663.39,2.78,1.00,4.02
SJF,0,3,25,58,91.75,4688.08,4486.00,2095.51,1039.16,97.00,2009.65,3906.80,3706.00,1665.78,2.50,3.50,1.78
RR,81,4,25,58,90.53,7223.64,7165.00,824.17,1065.96,884.00,1055.41,6439.24,6316.00,801.18,2.50,1.00,3.63
FCFS,0,4,25,58,93.04,7113.72,7383.00,614.92,817.68,783.00,440.18,6331.64,6584.00,634.84,2.78,0.00,4.49
SJF,0,4,25,58,92.97,4759.60,4471.00,2192.21,1522.68,139.00,2262.81,3977.40,4310.00,1565.59,2.78,3.00,1.72
RR,81,5,25,58,88.18,7315.64,7504.00,1023.26,795.16,909.00,434.87,6530.56,6558.00,978.17,2.50,1.00,3.50
FCFS,0,5,25,58,91.83,7179.24,7456.00,612.66,822.56,890.00,443.34,6399.00,6674.00,622.91,2.78,0.00,4.74
SJF,0,5,25,58,91.94,4749.00,4696.00,2146.27,1580.68,192.00,2169.76,3968.24,3890.00,1797.93,2.78,3.00,1.64
RR,81,1,25,69,95.72,5618.80,5832.00,1051.94,628.40,691.00,408.58,4873.60,5077.00,1008.90,3.13,1.50,4.45
FCFS,0,1,25,69,97.23,5391.56,5860.00,1095.00,675.08,792.00,442.22,4649.32,5160.00,1063.50,3.13,2.00,3.94
SJF,0,1,25,69,95.99,4154.56,4106.00,1667.90,506.76,63.00,949.03,3411.68,3300.00,1153.96,3.13,4.00,2.23
RR,81,2,25,69,93.89,5565.64,5809.00,1141.86,746.08,715.00,625.99,4821.28,5116.00,1111.89,3.13,1.00,4.45
FCFS,0,2,25,69,95.50,5561.20,6019.00,1024.24,696.44,802.00,455.80,4817.36,5260.00,1016.65,3.13,2.00,3.83
SJF,0,2,25,69,95.42,4256.32,4323.00,1768.70,689.00,87.00,1138.92,3513.68,3549.00,1257.99,3.13,3.50,2.03
RR,81,3,25,69,91.05,5855.92,6005.00,971.35,665.64,722.00,429.98,5109.08,5319.00,950.60,3.13,1.50,4.16
FCFS,0,3,25,69,93.89,5651.36,6110.00,1030.14,700.00,814.00,464.45,4908.16,5365.00,1030.23,3.13,1.00,4.12
SJF,0,3,25,69,92.40,4059.28,4294.00,1892.12,1203.48,208.00,1743.73,3315.84,3333.00,1344.80,3.13,3.00,2.03
RR,81,4,25,69,90.18,5844.64,6092.00,1078.57,715.36,756.00,473.18,5099.04,5357.00,1055.86,3.13,1.50,4.29
FCFS,0,4,25,69,92.35,5772.12,6238.00,1007.79,712.80,841.00,474.25,5029.16,5494.00,1026.93,3.13,2.00,4.12
SJF,0,4,25,69,92.33,3946.08,3904.00,2096.60,1124.40,214.00,1654.44,3201.08,2907.00,1167.55,3.13,3.00,1.73
RR,81,5,25,69,88.12,6033.68,6303.00,1104.13,825.20,780.00,701.06,5287.08,5549.00,1096.78,2.78,2.00,3.31
FCFS,0,5,25,69,90.88,5894.40,6335.00,1036.16,728.60,862.00,483.19,5149.96,5600.00,1053.49,3.13,2.00,4.45
SJF,0,5,25,69,90.82,4119.76,4230.00,2044.02,1234.88,138.00,1791.12,3374.76,3414.00,1295.77,3.13,3.00,1.64
RR,81,1,25,70,95.25,5931.04,6094.00,994.54,933.00,859.00,813.09,5147.84,5348.00,971.18,3.13,1.50,4.49
FCFS,0,1,25,70,97.01,6044.52,6396.00,672.92,686.60,742.00,441.45,5262.72,5573.00,680.46,3.13,1.00,5.11
SJF,0,1,25,70,96.82,3970.72,3770.00,1900.75,1272.28,85.00,2159.34,3189.72,3106.00,1505.43,3.13,3.50,1.55
RR,81,2,25,70,93.75,6057.24,6155.00,957.03,902.32,781.00,803.92,5276.88,5410.00,928.16,2.78,1.00,4.06
FCFS,0,2,25,70,95.75,6106.76,6494.00,747.27,704.08,741.00,440.74,5327.00,5703.00,755.58,3.13,1.00,5.44
SJF,0,2,25,70,94.54,4072.20,3669.00,1827.78,1295.20,72.00,2076.21,3292.88,3233.00,1472.43,3.13,4.00,1.89
RR,81,3,25,70,91.94,6113.64,6301.00,1028.88,969.72,848.00,853.73,5332.96,5553.00,1010.59,2.78,2.00,3.83
FCFS,0,3,25,70,94.07,6229.40,6613.00,737.50,722.04,759.00,455.38,5450.24,5808.00,743.08,3.13,1.00,5.44
SJF,0,3,25,70,91.58,3925.76,3377.00,1930.64,1562.00,181.00,2178.10,3146.88,3295.00,1530.23,2.78,3.00,1.72
RR,81,4,25,70,90.11,6306.40,6405.00,1002.55,896.48,799.00,834.54,5525.64,5675.00,974.29,2.78,1.00,4.12
FCFS,0,4,25,70,92.60,6358.24,6734.00,731.98,727.36,777.00,458.96,5578.56,5922.00,748.99,2.78,2.00,4.47
SJF,0,4,25,70,89.92,3860.44,3309.00,2045.34,1850.24,486.00,2341.24,3080.32,3319.00,1524.96,2.78,2.00,1.30
RR,81,5,25,70,88.51,6432.12,6528.00,1020.69,922.60,834.00,853.45,5652.00,5781.00,984.70,2.78,1.00,3.90
FCFS,0,5,25,70,91.15,6455.00,6843.00,751.15,740.48,790.00,468.20,5675.20,6024.00,766.81,2.78,2.00,4.18
SJF,0,5,25,70,87.68,3969.44,3554.00,2089.88,1584.68,323.00,2204.94,3191.00,3228.00,1562.13,2.78,3.00,1.39
RR,81,1,50,14,95.92,12101.62,12871.00,2578.44,1781.18,1414.00,1560.95,11295.44,12074.00,2540.17,2.94,1.00,3.67
FCFS,0,1,50,14,97.87,12208.24,13266.50,2125.15,1473.54,1702.00,841.49,11403.78,12464.50,2124.45,2.94,1.00,4.51
SJF,0,1,50,14,97.75,7674.06,7451.50,4197.03,2109.74,206.00,3294.45,6870.06,7049.50,2698.19,2.94,3.00,1.56
RR,81,2,50,14,94.16,12065.22,12089.00,2660.34,1815.30,1445.00,1591.64,11260.44,11344.00,2607.96,2.94,1.00,3.51
FCFS,0,2,50,14,96.27,12413.52,13491.50,2162.16,1505.24,1741.50,858.78,11610.84,12634.50,2146.69,2.94,2.00,4.13
SJF,0,2,50,14,94.96,7653.14,7726.50,4271.37,2680.18,269.00,3802.44,6848.54,7677.00,2793.32,2.94,3.00,1.64
RR,81,3,50,14,92.27,12706.30,13314.00,2677.62,1702.54,1473.00,1495.98,11899.98,12453.50,2645.83,2.94,2.00,4.18
FCFS,0,3,50,14,94.83,12650.72,13740.00,2200.38,1530.26,1722.00,872.53,11846.16,12873.00,2194.62,2.94,1.00,4.46
SJF,0,3,50,14,93.16,7991.44,7839.00,4306.11,2095.48,212.00,3227.94,7187.12,7882.50,2653.49,2.94,3.00,1.60
RR,81,4,50,14,90.67,12790.14,13502.00,2664.12,1716.38,1477.50,1519.17,11984.90,12640.00,2635.53,2.78,1.50,3.39
FCFS,0,4,50,14,93.29,12879.02,13968.50,2217.84,1556.04,1727.50,885.36,12074.86,13121.50,2206.67,2.94,1.00,4.81
SJF,0,4,50,14,92.24,8155.92,8053.00,4413.14,2152.12,159.00,3213.43,7350.54,7642.50,2613.69,2.78,3.00,1.56
RR,81,5,50,14,88.93,13164.32,14203.50,2683.10,1801.92,1579.00,1470.52,12358.24,13351.00,2645.66,2.78,1.50,3.66
FCFS,0,5,50,14,91.83,13117.76,14211.50,2247.91,1587.68,1769.50,908.63,12314.08,13362.50,2229.92,2.78,1.00,4.45
SJF,0,5,50,14,91.82,8335.10,8113.00,4479.34,2401.04,117.00,3617.90,7529.86,8050.00,2743.68,2.78,3.00,1.44
RR,81,1,50,25,96.00,11657.30,12722.00,3151.48,1744.54,1577.50,1530.01,10891.32,11961.50,3127.93,2.94,2.00,3.23
FCFS,0,1,50,25,97.62,12114.64,13455.00,2609.25,1470.14,1539.00,895.93,11350.36,12668.00,2603.04,2.94,2.00,3.86
SJF,0,1,50,25,97.82,7923.58,7467.00,4308.78,2255.04,166.00,3542.60,7159.54,7183.00,2911.31,2.94,3.00,1.82
RR,81,2,50,25,94.15,12239.28,12613.50,2949.76,1693.08,1413.00,1584.01,11473.84,11809.50,2914.21,2.78,2.00,3.83
FCFS,0,2,50,25,96.32,12260.64,13665.50,2748.25,1499.10,1553.50,910.99,11497.22,12828.00,2758.41,2.94,2.00,3.99
SJF,0,2,50,25,95.63,7523.08,6485.50,4431.87,2776.42,132.50,3942.68,6759.86,7144.50,3179.84,2.94,3.00,1.39
RR,81,3,50,25,92.33,12253.28,12125.00,2907.66,1822.06,1513.00,1726.82,11487.18,11560.00,2885.53,2.78,2.00,3.02
FCFS,0,3,50,25,94.80,12482.70,13891.50,2790.76,1520.24,1594.50,923.82,11719.52,13017.00,2775.27,2.94,2.00,4.37
SJF,0,3,50,25,94.82,8279.80,8180.00,4471.60,2479.54,105.00,3918.55,7517.12,7801.00,3012.79,2.94,3.00,1.34
RR,81,4,50,25,90.63,12717.34,13337.00,3072.86,1719.48,1436.00,1643.06,11951.96,12585.00,3046.01,2.78,1.00,3.19
FCFS,0,4,50,25,93.20,12804.76,14164.50,2680.29,1553.42,1642.00,940.77,12040.14,13294.50,2684.91,2.78,1.50,4.62
SJF,0,4,50,25,92.69,8497.52,8612.50,4307.77,1803.10,98.50,3430.17,7732.56,8346.00,3205.20,2.78,2.50,1.73
RR,81,5,50,25,88.91,12959.74,12848.50,3110.20,1953.18,1668.50,1749.89,12194.28,12242.50,3063.79,2.78,1.00,3.62
FCFS,0,5,50,25,91.88,12942.36,14337.50,2799.21,1571.66,1660.00,956.90,12179.72,13464.50,2789.60,2.78,1.00,3.83
SJF,0,5,50,25,91.61,8081.78,7750.50,4400.88,2460.94,124.00,4076.16,7318.32,7140.50,2992.19,2.78,3.00,1.56
RR,81,1,50,36,96.06,11847.72,11802.50,1725.18,1592.88,1487.50,1155.14,11050.60,11045.50,1683.62,2.94,1.00,4.28
FCFS,0,1,50,36,97.78,11695.48,12471.00,1698.61,1641.50,1692.50,889.02,10900.36,11678.50,1675.91,3.13,1.50,4.51
SJF,0,1,50,36,96.85,7277.20,7478.50,4127.86,1691.82,106.00,3154.60,6481.12,6854.00,2295.44,3.13,3.50,1.54
RR,81,2,50,36,94.41,11998.12,11961.50,1993.74,1801.82,1593.50,1379.30,11201.06,11226.00,1959.70,2.94,2.00,4.02
FCFS,0,2,50,36,96.16,11898.96,12686.00,1705.62,1667.94,1723.00,908.59,11103.44,11877.50,1692.95,3.13,1.00,4.54
SJF,0,2,50,36,96.08,8016.14,8105.50,4002.78,2050.94,104.50,3651.93,7220.34,7447.00,2409.09,3.13,3.00,1.93
RR,81,3,50,36,92.38,12260.42,12256.50,1887.75,1905.50,1676.50,1542.88,11461.98,11505.50,1868.73,2.94,2.00,4.04
FCFS,0,3,50,36,94.52,12193.56,12950.00,1659.22,1708.42,1746.50,930.12,11397.98,12161.00,1686.14,2.94,1.00,4.29
SJF,0,3,50,36,93.90,7646.96,8470.50,4334.57,2365.76,98.50,3760.19,6851.08,7124.00,2657.90,2.94,3.00,1.48
RR,81,4,50,36,89.91,12466.12,12389.00,2001.93,1940.94,1723.50,1569.78,11668.02,11696.00,1976.52,2.78,1.00,3.56
FCFS,0,4,50,36,93.09,12413.64,13210.50,1758.53,1739.10,1771.00,954.22,11617.02,12398.00,1766.88,2.94,1.00,4.58
SJF,0,4,50,36,91.35,7590.28,7260.50,4343.65,3581.36,256.50,4566.28,6793.68,6447.50,2635.65,2.94,3.00,1.60
RR,81,5,50,36,89.05,12584.92,12622.50,2016.35,2073.62,1831.00,1696.85,11787.20,11875.50,2007.09,2.78,1.00,3.90
FCFS,0,5,50,36,91.59,12625.78,13428.00,1782.87,1770.04,1814.00,971.17,11828.56,12609.00,1788.71,2.94,1.00,4.25
SJF,0,5,50,36,91.56,7663.32,7200.50,4297.19,2846.54,107.50,4264.16,6866.40,7060.50,2776.59,2.94,3.00,1.75
RR,81,1,50,47,96.07,12076.84,11934.00,2006.38,1730.22,1370.50,1644.91,11297.66,11349.50,1946.64,2.94,1.00,3.49
FCFS,0,1,50,47,97.72,12327.18,13243.00,1801.89,1483.86,1471.50,874.53,11549.78,12542.50,1827.89,2.94,1.00,4.98
SJF,0,1,50,47,95.81,7585.12,6650.00,4188.15,2908.46,242.00,4273.48,6807.32,7477.00,2863.21,2.94,3.00,2.05
RR,81,2,50,47,94.24,12445.78,12386.50,2093.12,1704.54,1444.50,1444.90,11667.56,11688.00,2038.21,2.94,2.00,3.70
FCFS,0,2,50,47,96.33,12505.18,13434.50,1831.94,1502.12,1488.50,887.62,11729.34,12728.00,1849.32,2.94,1.00,4.60
SJF,0,2,50,47,96.17,8074.94,7910.50,4267.67,1447.04,110.00,3042.04,7296.96,7672.00,2472.25,2.94,3.00,1.71
RR,81,3,50,47,92.29,12688.90,12641.00,2244.12,1605.00,1421.00,1192.65,11908.72,11893.00,2178.74,2.78,1.00,4.35
FCFS,0,3,50,47,94.77,12749.44,13650.50,1885.98,1526.28,1522.00,904.10,11972.08,12935.00,1895.33,2.94,1.00,4.10
SJF,0,3,50,47,94.00,7934.40,7084.50,4243.97,2202.36,118.50,3608.50,7156.16,7302.00,2637.94,2.94,3.00,2.01
RR,81,4,50,47,90.64,12999.64,12887.50,2178.21,1730.80,1440.50,1497.22,12221.42,12096.50,2123.57,2.78,1.00,3.61
FCFS,0,4,50,47,93.32,12988.62,13933.00,1894.55,1553.32,1571.50,910.58,12211.18,13181.50,1904.62,2.94,1.00,4.48
SJF,0,4,50,47,92.13,8206.76,7609.50,4419.86,2274.54,143.00,3567.84,7428.32,7711.00,2756.84,2.78,3.00,1.59
RR,81,5,50,47,89.06,13205.84,13165.00,2455.26,1783.02,1528.50,1465.34,12427.04,12462.00,2379.59,2.78,1.00,3.49
FCFS,0,5,50,47,91.92,13202.86,14131.00,1913.86,1575.74,1608.50,923.42,12425.20,13392.00,1927.77,2.78,1.00,4.58
SJF,0,5,50,47,91.51,8292.38,8494.50,4739.65,1939.50,93.00,3029.14,7515.08,7853.50,2844.83,2.78,3.00,1.48
RR,81,1,50,58,96.06,12088.88,11939.50,1846.35,1899.36,1562.00,1665.24,11324.30,11234.50,1833.17,2.94,1.00,4.49
FCFS,0,1,50,58,97.78,12017.68,12712.00,1534.79,1725.44,1690.00,1064.01,11254.98,11959.00,1529.90,3.13,1.00,4.91
SJF,0,1,50,58,96.35,7896.08,7751.50,3813.77,2523.56,264.50,4007.31,7132.70,7706.00,2962.45,3.13,3.00,1.96
RR,81,2,50,58,94.17,12258.14,12276.50,1949.92,2048.70,1599.00,1854.11,11493.48,11458.00,1937.53,2.94,1.00,4.05
FCFS,0,2,50,58,96.28,12205.98,12914.50,1561.79,1743.06,1612.50,1078.68,11443.54,12116.00,1556.21,3.13,1.00,5.12
SJF,0,2,50,58,96.16,7847.10,8086.00,4134.30,2803.50,275.00,4138.06,7084.32,7344.00,3283.74,3.13,3.00,1.63
RR,81,3,50,58,92.11,12577.56,12504.50,1750.83,2089.52,1673.00,1862.14,11812.42,11737.00,1717.47,2.94,1.00,4.46
FCFS,0,3,50,58,94.61,12490.36,13185.50,1510.21,1774.10,1564.50,1094.61,11726.68,12417.50,1513.97,2.94,1.00,4.59
SJF,0,3,50,58,94.66,8279.80,8348.50,4089.20,2086.96,110.50,3558.20,7517.30,7312.50,3051.86,2.94,3.00,1.68
RR,81,4,50,58,90.24,12870.24,12786.50,1895.56,1975.72,1540.00,1746.61,12105.60,11994.50,1873.62,2.78,1.00,4.21
FCFS,0,4,50,58,93.20,12743.14,13486.50,1603.53,1798.70,1589.50,1111.13,11978.26,12697.00,1605.99,2.94,1.00,4.58
SJF,0,4,50,58,91.89,8334.84,8154.50,3932.44,2474.66,176.00,4078.87,7570.58,7544.00,3490.28,2.94,3.00,1.85
RR,81,5,50,58,89.04,13048.80,13278.00,1941.84,2229.00,1677.00,2128.63,12284.48,12447.50,1921.71,2.78,1.00,3.81
FCFS,0,5,50,58,91.70,12940.82,13707.50,1568.28,1817.74,1597.00,1121.97,12177.26,12880.50,1553.58,2.94,1.00,4.58
SJF,0,5,50,58,90.44,8502.38,8519.00,4046.97,2518.16,261.00,3888.51,7739.60,7633.50,3424.43,2.94,3.00,1.78
RR,81,1,50,69,95.98,11112.70,11333.50,2519.29,1505.74,1254.00,1394.01,10367.88,10694.50,2473.57,3.13,1.50,3.69
FCFS,0,1,50,69,97.69,11414.22,12485.00,2409.39,1331.66,1342.50,813.06,10670.44,11802.00,2410.43,3.13,1.00,4.38
SJF,0,1,50,69,96.55,7603.74,7890.50,3840.23,1631.34,136.50,2582.96,6860.86,7228.00,2454.66,3.13,3.50,1.86
RR,81,2,50,69,94.23,11444.08,11660.50,2494.40,1417.76,1367.50,981.78,10699.74,11001.50,2454.01,2.94,2.00,3.51
FCFS,0,2,50,69,96.02,11641.62,12759.50,2443.21,1354.96,1378.00,830.88,10897.84,12003.00,2440.46,3.13,1.00,4.36
SJF,0,2,50,69,96.12,7760.66,7823.00,3827.31,1720.72,98.00,3001.48,7017.62,7340.50,2239.17,3.13,3.50,1.82
RR,81,3,50,69,92.22,11619.70,11934.50,2790.39,1591.36,1401.00,1437.60,10873.58,11227.50,2742.70,2.94,1.00,3.29
FCFS,0,3,50,69,94.61,11830.72,12976.50,2527.92,1384.00,1412.50,842.49,11086.80,12199.50,2524.42,3.13,1.00,4.60
SJF,0,3,50,69,93.66,7995.64,8141.50,3758.65,2014.38,94.50,3224.90,7252.94,7406.50,2725.85,2.94,3.00,1.92
RR,81,4,50,69,90.37,11909.60,12216.50,2929.73,1514.52,1389.00,1264.90,11164.30,11453.50,2893.44,2.94,1.00,3.45
FCFS,0,4,50,69,93.03,12110.02,13227.50,2503.30,1409.80,1473.50,856.03,11365.10,12486.50,2500.09,2.94,1.00,4.51
SJF,0,4,50,69,93.06,7844.36,7626.00,4220.03,2331.68,985.50,3037.57,7099.70,7591.00,2739.82,2.94,3.00,1.68
RR,81,5,50,69,88.80,12276.40,12552.50,2893.58,1681.12,1491.50,1391.91,11531.26,11812.00,2861.18,2.78,2.00,3.46
FCFS,0,5,50,69,91.55,12317.02,13431.00,2548.64,1436.68,1459.50,872.94,11573.06,12665.50,2556.07,2.94,1.00,4.32
SJF,0,5,50,69,90.75,8312.94,8663.50,4073.80,2064.12,130.50,3096.50,7568.52,7543.50,2453.55,2.94,3.00,1.98
RR,81,1,50,70,96.05,12076.84,12301.00,2719.47,1791.96,1505.00,1511.76,11304.26,11733.50,2693.24,2.94,1.00,3.61
FCFS,0,1,50,70,97.88,12328.98,13361.50,2260.62,1500.34,1393.00,934.54,11556.64,12595.50,2270.51,2.94,2.00,3.99
SJF,0,1,50,70,97.90,8104.34,8277.00,4118.85,2083.74,101.50,3798.26,7333.44,7285.00,2621.63,2.94,3.00,1.64
RR,81,2,50,70,94.16,12450.26,12661.50,2601.30,1640.34,1385.00,1360.66,11677.06,11910.50,2585.83,2.78,1.50,3.28
FCFS,0,2,50,70,96.29,12517.28,13570.00,2281.02,1515.00,1392.00,942.18,11747.30,12875.50,2313.97,2.94,1.00,4.08
SJF,0,2,50,70,95.03,7857.90,7306.00,4327.11,2505.54,100.50,3891.62,7086.76,7249.50,2840.99,2.78,2.50,1.59
RR,81,3,50,70,92.54,12857.24,12841.00,2641.90,1668.64,1456.50,1401.94,12083.64,12099.00,2634.52,2.78,1.00,3.35
FCFS,0,3,50,70,94.91,12744.38,13822.50,2329.36,1541.58,1426.50,961.56,11972.90,13105.00,2360.58,2.78,1.00,3.62
SJF,0,3,50,70,94.31,7503.04,7246.50,4892.80,3485.40,1630.50,4196.99,6731.38,7106.00,2636.71,2.78,3.00,1.26
RR,81,4,50,70,90.85,13040.72,13378.00,2702.32,1705.68,1506.50,1428.47,12267.94,12557.00,2687.84,2.78,1.00,3.41
FCFS,0,4,50,70,93.50,12985.22,14032.00,2348.42,1567.42,1452.50,978.56,12212.90,13307.00,2359.59,2.78,1.00,3.87
SJF,0,4,50,70,93.05,7622.96,7183.50,4872.80,3578.00,1318.00,4452.51,6851.14,7181.50,2868.54,2.78,3.00,1.52
RR,81,5,50,70,89.29,13319.56,13306.50,2714.48,1721.80,1595.00,1386.93,12547.20,12530.00,2708.23,2.63,1.00,3.29
FCFS,0,5,50,70,92.10,13174.28,14215.00,2366.87,1588.92,1477.00,994.53,12403.84,13482.00,2388.18,2.78,1.00,3.70
SJF,0,5,50,70,91.00,8144.04,7749.50,4532.32,3421.54,512.00,4528.15,7372.68,7602.50,3008.75,2.78,3.00,1.22
RR,81,1,75,14,96.10,17979.36,18901.00,3907.44,2586.28,2092.00,2143.36,17176.16,18142.00,3875.32,3.00,1.00,4.00
FCFS,0,1,75,14,97.93,18164.76,19775.00,3302.18,2158.28,2247.00,1218.85,17363.43,18965.00,3323.92,3.13,1.00,4.88
SJF,0,1,75,14,96.76,11357.16,11679.00,6107.02,3029.57,163.00,5079.97,10555.87,11069.00,4323.01,3.00,3.00,1.63
RR,81,2,75,14,94.24,18219.40,18399.00,3673.18,2522.89,2085.00,2127.82,17416.39,17579.00,3642.38,3.00,2.00,4.02
FCFS,0,2,75,14,96.37,18520.09,20136.00,3361.15,2201.59,2319.00,1234.87,17719.07,19320.00,3365.17,3.00,1.00,4.46
SJF,0,2,75,14,95.71,11593.73,11754.00,6283.71,3581.41,202.00,5611.16,10792.21,11170.00,4456.71,3.00,3.00,1.68
RR,81,3,75,14,92.51,18883.07,19472.00,3855.69,2542.40,2124.00,2048.05,18079.99,18855.00,3838.85,2.88,1.00,4.07
FCFS,0,3,75,14,94.80,18850.52,20476.00,3376.18,2232.56,2307.00,1254.89,18049.44,19644.00,3366.67,3.00,1.00,4.67
SJF,0,3,75,14,94.19,12149.15,12182.00,5901.47,2535.65,132.00,4289.14,11347.72,11728.00,4516.30,3.00,3.00,1.44
RR,81,4,75,14,90.81,19230.99,19611.00,3926.17,2659.47,2179.00,2234.24,18428.24,18741.00,3894.46,2.88,1.00,3.93
FCFS,0,4,75,14,93.28,19236.19,20875.00,3431.04,2275.20,2358.00,1279.97,18434.36,20030.00,3433.27,2.88,1.00,4.62
SJF,0,4,75,14,92.35,11726.97,11438.00,6628.16,3984.45,167.00,6073.56,10924.37,11437.00,4742.48,2.88,3.00,1.37
RR,81,5,75,14,89.20,19699.87,19612.00,3917.83,2674.83,2252.00,2151.38,18897.01,18952.00,3886.17,2.78,1.00,3.70
FCFS,0,5,75,14,91.86,19599.67,21181.00,3341.66,2320.05,2419.00,1308.62,18797.33,20415.00,3357.40,2.88,1.00,4.51
SJF,0,5,75,14,91.29,12958.49,13018.00,5968.01,3085.11,138.00,4970.40,12157.43,12232.00,4913.43,2.88,3.00,1.58
RR,81,1,75,25,96.22,17710.41,17995.00,3939.73,2436.79,2076.00,2160.89,16947.75,17361.00,3901.63,3.00,1.00,3.85
FCFS,0,1,75,25,97.88,17818.73,19666.00,3949.01,2204.53,2160.00,1309.11,17057.67,18901.00,3936.45,3.13,1.00,4.82
SJF,0,1,75,25,97.83,11239.55,11500.00,6254.39,3285.41,93.00,5203.55,10479.13,10554.00,4605.64,3.13,3.00,1.33
RR,81,2,75,25,94.43,18217.57,18374.00,3871.92,2505.25,2064.00,2279.38,17455.28,17676.00,3840.17,3.00,1.00,3.97
FCFS,0,2,75,25,96.44,18181.27,20035.00,3905.50,2232.49,2210.00,1326.94,17421.05,19212.00,3901.54,3.00,1.00,4.76
SJF,0,2,75,25,95.41,11390.77,10829.00,6154.75,2989.27,86.00,5307.23,10629.81,10384.00,4578.87,3.00,3.00,1.71
RR,81,3,75,25,92.58,18482.23,18757.00,3712.20,2773.28,2316.00,2767.63,17719.88,18015.00,3691.09,2.88,1.00,3.91
FCFS,0,3,75,25,94.88,18488.89,20360.00,4000.38,2289.76,2270.00,1364.01,17727.21,19596.00,3996.93,3.00,1.00,4.54
SJF,0,3,75,25,93.88,11568.01,11155.00,6356.84,3218.92,98.00,5609.99,10806.96,11171.00,5044.67,3.00,3.00,1.26
RR,81,4,75,25,90.45,18860.17,19120.00,3712.78,2896.37,2559.00,2614.10,18096.52,18378.00,3666.43,2.88,1.00,3.73
FCFS,0,4,75,25,93.34,18868.37,20762.00,3995.88,2309.53,2319.00,1371.41,18106.72,19974.00,4011.67,2.88,1.00,4.58
SJF,0,4,75,25,93.12,12186.72,12587.00,6464.58,3546.44,144.00,5525.46,11424.11,11228.00,5034.31,2.88,3.00,1.34
RR,81,5,75,25,89.12,19281.24,19424.00,4370.78,2847.88,2550.00,2442.47,18518.69,18636.00,4329.71,2.78,1.00,3.54
FCFS,0,5,75,25,91.80,19261.68,21134.00,3927.14,2367.00,2397.00,1403.14,18499.83,20352.00,3926.54,2.88,1.00,4.29
SJF,0,5,75,25,91.84,12067.93,11859.00,6729.24,4192.32,178.00,6163.67,11306.20,11437.00,4758.57,2.88,3.00,1.28
RR,81,1,75,36,96.16,17594.85,17440.00,3086.06,2562.68,2302.00,2031.08,16794.19,16651.00,3049.80,3.00,1.00,3.92
FCFS,0,1,75,36,97.90,17824.00,19209.00,2929.61,2226.67,2528.00,1111.26,17024.12,18389.00,2899.13,3.13,1.00,4.51
SJF,0,1,75,36,97.62,11236.76,11127.00,5912.59,2646.15,91.00,4835.02,10437.35,10601.00,3915.88,3.13,3.00,1.60
RR,81,2,75,36,94.35,17749.87,17695.00,3274.25,2812.80,2374.00,2406.50,16948.29,16860.00,3249.75,3.00,1.00,3.74
FCFS,0,2,75,36,96.31,18143.25,19482.00,2968.76,2261.60,2567.00,1132.75,17344.37,18634.00,2962.61,3.13,1.00,4.82
SJF,0,2,75,36,95.91,11408.99,12229.00,6295.23,3364.35,123.00,5466.59,10609.76,10984.00,4257.38,3.13,4.00,1.70
RR,81,3,75,36,92.54,18305.89,18191.00,3105.30,2815.73,2414.00,2415.71,17505.99,17397.00,3089.86,3.00,1.00,3.94
FCFS,0,3,75,36,94.79,18489.91,19881.00,2986.63,2302.67,2611.00,1157.04,17689.93,19059.00,2995.91,3.00,1.00,4.58
SJF,0,3,75,36,94.67,11975.07,12684.00,6164.29,3900.35,142.00,6416.21,11175.44,11842.00,4107.93,3.00,3.00,1.91
RR,81,4,75,36,90.69,18775.84,18782.00,3470.89,2882.25,2526.00,2417.46,17974.07,18103.00,3452.65,2.88,1.50,3.91
FCFS,0,4,75,36,93.26,18870.71,20276.00,3048.89,2347.61,2672.00,1178.06,18070.44,19500.00,3051.66,3.00,1.00,4.56
SJF,0,4,75,36,92.97,12271.88,11852.00,6109.01,3638.57,104.00,6051.59,11471.13,11994.00,3893.93,3.00,3.00,1.53
RR,81,5,75,36,89.03,19028.92,19062.00,3810.06,2828.87,2611.00,2068.26,18227.68,18305.00,3792.53,2.88,1.00,3.70
FCFS,0,5,75,36,91.77,19198.89,20596.00,3076.56,2392.97,2736.00,1199.72,18399.43,19817.00,3084.81,2.88,1.00,4.61
SJF,0,5,75,36,91.84,11900.48,12670.00,6792.51,3502.81,168.00,5821.35,11100.07,11143.00,4274.57,3.00,3.00,1.35
RR,81,1,75,47,96.19,17817.03,17640.00,3109.78,2542.15,1993.00,2026.38,17050.47,16837.00,3080.57,3.13,1.00,4.46
FCFS,0,1,75,47,97.89,17781.83,19132.00,2819.98,2337.13,2237.00,1438.51,17017.41,18314.00,2844.45,3.13,1.50,4.67
SJF,0,1,75,47,97.10,10726.81,10274.00,6024.38,3803.23,142.00,5934.55,9962.19,10456.00,4395.22,3.13,3.00,1.62
RR,81,2,75,47,94.25,18144.28,17845.00,3150.81,2416.48,2030.00,1798.89,17378.43,17136.00,3113.50,3.00,2.00,4.37
FCFS,0,2,75,47,96.17,18174.83,19523.00,2796.66,2378.47,2321.00,1458.71,17408.77,18707.00,2810.94,3.13,1.00,4.95
SJF,0,2,75,47,96.18,11576.00,11845.00,5876.89,3381.19,133.00,5634.77,10811.65,10747.00,4355.65,3.13,3.50,1.68
RR,81,3,75,47,92.42,18401.33,18403.00,3399.74,2343.65,2110.00,1501.50,17634.55,17660.00,3355.37,3.00,1.00,4.14
FCFS,0,3,75,47,94.70,18449.77,19847.00,2906.20,2412.01,2353.00,1480.46,17684.83,19047.00,2908.99,3.00,1.00,4.89
SJF,0,3,75,47,94.30,11035.97,10650.00,6602.52,4017.03,327.00,5741.05,10270.33,10646.00,4300.18,3.00,3.00,1.15
RR,81,4,75,47,90.63,18875.16,19133.00,3682.80,2600.55,2172.00,1995.06,18109.07,18394.00,3635.76,2.88,1.00,3.99
FCFS,0,4,75,47,93.13,18837.65,20231.00,2949.68,2454.47,2422.00,1505.52,18072.33,19427.00,2963.63,3.00,1.00,4.50
SJF,0,4,75,47,93.18,12003.36,11711.00,6393.92,3209.60,119.00,5377.42,11237.88,11718.00,4472.00,3.00,3.00,1.66
RR,81,5,75,47,88.76,19377.79,19163.00,3266.12,2860.79,2303.00,2444.15,18608.71,18381.00,3244.27,2.88,1.00,4.07
FCFS,0,5,75,47,91.72,19185.17,20564.00,2996.72,2488.11,2278.00,1524.24,18419.55,19704.00,2996.08,3.00,1.00,4.74
SJF,0,5,75,47,91.12,11950.04,12295.00,6327.75,3369.27,141.00,5364.47,11185.47,11425.00,4607.90,3.00,3.00,1.53
RR,81,1,75,58,96.11,17764.31,17582.00,3151.59,2856.24,2411.00,2249.82,17007.75,16908.00,3125.81,3.13,1.00,4.26
FCFS,0,1,75,58,97.90,17813.84,19160.00,2827.58,2469.28,2660.00,1378.21,17058.00,18363.00,2826.32,3.13,1.00,4.60
SJF,0,1,75,58,97.60,11279.35,10826.00,6090.34,3190.28,125.00,5011.44,10523.12,10147.00,3733.38,3.13,3.50,1.68
RR,81,2,75,58,94.14,18461.79,18168.00,3059.16,3011.08,2700.00,2477.24,17704.56,17473.00,3021.61,3.00,1.00,4.59
FCFS,0,2,75,58,96.29,18112.00,19411.00,2852.18,2510.56,2710.00,1411.40,17356.83,18690.00,2862.88,3.13,1.00,4.82
SJF,0,2,75,58,96.23,11351.39,11442.00,6386.66,3582.96,176.00,5232.85,10595.97,10488.00,4182.94,3.13,3.00,1.39
RR,81,3,75,58,92.44,18874.11,18678.00,3120.90,2831.83,2422.00,2297.11,18115.61,17999.00,3084.74,3.00,1.00,4.31
FCFS,0,3,75,58,94.76,18474.20,19807.00,2868.63,2552.68,2774.00,1435.49,17718.20,19072.00,2882.25,3.00,1.00,4.78
SJF,0,3,75,58,94.64,11441.31,11527.00,6674.01,3793.61,152.00,5686.69,10685.67,10419.00,4229.48,3.00,3.00,1.41
RR,81,4,75,58,90.64,18956.24,18807.00,3357.12,2816.60,2473.00,2245.19,18199.72,18062.00,3311.44,2.88,1.50,4.09
FCFS,0,4,75,58,93.20,18894.32,20190.00,2879.30,2595.52,2770.00,1468.70,18137.48,19500.00,2879.37,3.00,1.00,4.51
SJF,0,4,75,58,92.18,11690.71,12038.00,6414.60,4067.60,198.00,5882.08,10934.21,10214.00,4489.31,3.00,3.00,1.71
RR,81,5,75,58,88.88,19528.51,19333.00,3549.13,2789.33,2570.00,1984.32,18770.44,18631.00,3490.74,2.88,1.00,4.14
FCFS,0,5,75,58,91.62,19258.55,20558.00,2885.43,2649.08,2869.00,1490.41,18501.77,19863.00,2892.95,3.00,1.00,5.14
SJF,0,5,75,58,91.62,11833.61,11756.00,6665.65,4192.51,136.00,6305.17,11077.53,11612.00,4334.49,3.00,3.00,1.47
RR,81,1,75,69,96.08,16628.93,17088.00,3759.74,2053.15,1925.00,1341.74,15885.83,16437.00,3714.34,3.13,1.50,3.86
FCFS,0,1,75,69,97.88,16879.60,18713.00,3712.19,2076.44,1839.00,1288.00,16139.29,17877.00,3694.05,3.26,1.00,4.89
SJF,0,1,75,69,97.81,11456.37,11645.00,5328.33,3035.85,157.00,4862.72,10715.77,10226.00,4076.00,3.26,3.00,1.91
RR,81,2,75,69,94.36,17079.31,17484.00,3814.10,2186.45,1914.00,1645.88,16338.29,16801.00,3763.54,3.13,1.00,3.92
FCFS,0,2,75,69,96.14,17257.77,19038.00,3762.02,2130.12,1845.00,1319.39,16516.13,18368.00,3757.21,3.13,1.00,4.76
SJF,0,2,75,69,96.13,11012.35,11145.00,5658.36,3328.23,192.00,5094.96,10270.71,10296.00,3976.95,3.13,3.00,1.51
RR,81,3,75,69,92.38,17402.63,17679.00,3671.06,2358.25,1926.00,2048.58,16659.17,16956.00,3642.77,3.00,1.00,3.57
FCFS,0,3,75,69,94.59,17575.81,19329.00,3751.67,2170.29,1922.00,1346.84,16834.33,18695.00,3742.47,3.13,1.00,4.83
SJF,0,3,75,69,94.17,11307.80,11400.00,5787.29,2982.32,190.00,4635.65,10565.91,10968.00,4329.19,3.13,3.00,1.54
RR,81,4,75,69,90.56,18235.56,18473.00,3854.87,2199.08,2063.00,1435.04,17493.69,17799.00,3813.96,3.00,1.00,4.03
FCFS,0,4,75,69,93.01,17976.97,19796.00,3826.03,2213.88,1948.00,1364.42,17235.27,19046.00,3814.40,3.00,1.00,4.73
SJF,0,4,75,69,92.67,11006.99,11122.00,5978.67,4190.05,892.00,5671.18,10265.28,9816.00,4392.18,3.00,4.00,1.63
RR,81,5,75,69,88.83,18404.39,18764.00,4059.86,2291.01,2048.00,1659.08,17662.81,18065.00,4035.79,2.88,1.00,4.13
FCFS,0,5,75,69,91.47,18257.25,20073.00,3827.22,2240.45,1966.00,1386.54,17516.32,19348.00,3829.12,3.00,1.00,4.69
SJF,0,5,75,69,91.14,11883.71,12449.00,6179.60,3475.40,136.00,5134.76,11142.25,11477.00,4405.28,3.00,3.00,1.44
RR,81,1,75,70,96.22,17612.63,17781.00,3723.35,2542.44,2180.00,2216.61,16848.23,17090.00,3704.56,3.00,1.00,4.10
FCFS,0,1,75,70,97.87,18006.16,19619.00,3277.80,2206.08,2381.00,1289.29,17243.07,18852.00,3292.43,3.13,1.00,4.84
SJF,0,1,75,70,97.53,10972.29,11156.00,6280.86,3163.77,88.00,5242.61,10210.31,10660.00,4310.51,3.13,3.00,1.62
RR,81,2,75,70,94.24,18211.37,18403.00,3741.25,2403.89,2248.00,1812.08,17446.47,17667.00,3721.26,3.00,1.00,3.99
FCFS,0,2,75,70,96.28,18353.01,19972.00,3311.81,2245.81,2444.00,1315.06,17590.12,19203.00,3333.20,3.13,1.00,5.38
SJF,0,2,75,70,96.08,11625.79,11919.00,6022.79,3870.12,127.00,5884.37,10862.96,11498.00,4611.56,3.13,3.00,1.94
RR,81,3,75,70,92.53,18552.80,18740.00,3640.29,2496.57,2184.00,2103.49,17787.52,18005.00,3641.08,2.88,1.00,4.06
FCFS,0,3,75,70,94.71,18705.45,20373.00,3377.53,2293.24,2496.00,1342.47,17941.93,19563.00,3372.06,3.00,1.00,4.90
SJF,0,3,75,70,94.37,11532.09,12417.00,6566.89,4329.28,174.00,6395.26,10769.45,11424.00,4659.54,3.00,3.00,1.63
RR,81,4,75,70,90.63,19026.77,19204.00,3605.95,2432.12,2174.00,1927.60,18262.77,18384.00,3603.18,2.88,1.00,3.90
FCFS,0,4,75,70,93.28,19061.83,20722.00,3382.01,2330.99,2563.00,1367.52,18298.08,19935.00,3391.11,3.00,1.00,4.80
SJF,0,4,75,70,93.20,11794.93,10841.00,6646.69,4030.71,146.00,6107.18,11030.39,10882.00,4383.50,3.00,3.00,1.53
RR,81,5,75,70,89.13,19528.17,19638.00,3653.40,2250.76,2226.00,1388.72,18763.12,18878.00,3665.89,2.88,1.50,4.06
FCFS,0,5,75,70,91.77,19398.32,21099.00,3413.83,2370.69,2594.00,1391.75,18634.28,20255.00,3429.34,2.88,1.00,5.15
SJF,0,5,75,70,91.73,12014.35,12319.00,6773.51,4164.39,197.00,6379.30,11250.37,11148.00,4804.74,2.88,3.00,1.28
RR,81,1,100,14,96.27,23762.76,24984.50,5091.51,3510.74,3037.00,3066.98,22964.36,24169.00,5066.75,3.03,1.00,3.85
FCFS,0,1,100,14,97.98,23911.20,26020.00,4479.97,2950.68,2855.00,1747.49,23114.02,25161.00,4474.99,3.03,1.00,4.51
SJF,0,1,100,14,98.01,14475.48,14871.00,8078.88,5077.76,185.00,7762.90,13679.14,14337.00,5985.20,3.03,3.00,1.70
RR,81,2,100,14,94.44,24104.74,25051.00,5325.24,3438.21,3076.50,3038.86,23307.71,24158.00,5291.83,2.94,1.00,3.69
FCFS,0,2,100,14,96.42,24315.32,26427.00,4563.51,2995.93,2876.50,1775.63,23518.79,25573.00,4565.36,3.03,1.00,4.32
SJF,0,2,100,14,96.34,15089.93,15445.00,8215.04,4904.31,186.00,7342.07,14293.91,13749.00,6252.37,3.03,3.00,1.63
RR,81,3,100,14,92.72,24586.31,24762.00,5115.58,3518.69,2942.50,3189.79,23788.62,23996.50,5090.34,2.94,1.00,3.77
FCFS,0,3,100,14,94.90,24753.37,26904.50,4542.39,3037.16,2911.50,1800.91,23956.81,26055.00,4544.86,2.94,1.00,4.39
SJF,0,3,100,14,94.88,15093.93,14946.00,8468.51,4727.35,243.50,7193.44,14296.14,14045.50,6153.91,2.94,3.00,1.37
RR,81,4,100,14,90.81,25624.37,27282.00,5173.16,3659.68,3049.00,3319.46,24825.67,26451.50,5167.44,2.86,1.00,3.92
FCFS,0,4,100,14,93.42,25293.54,27437.50,4671.07,3096.44,2914.50,1832.67,24496.13,26628.00,4675.02,2.94,1.00,4.17
SJF,0,4,100,14,93.25,16113.09,16694.50,8205.37,4655.20,165.50,7398.92,15315.30,14805.50,6408.99,2.94,3.00,1.61
RR,81,5,100,14,89.16,25563.96,25683.00,5458.09,3717.23,3242.50,3197.01,24765.37,24984.50,5434.00,2.78,1.00,3.46
FCFS,0,5,100,14,91.99,25759.63,27886.00,4656.93,3137.74,2954.50,1846.83,24962.03,27061.50,4665.93,2.86,1.00,4.19
SJF,0,5,100,14,91.59,16017.26,15979.00,8520.48,5254.84,147.00,7613.42,15220.34,15206.00,6414.80,2.86,3.00,1.52
RR,81,1,100,25,95.60,23225.63,23605.50,5164.93,3494.32,2844.00,3118.92,22459.19,22803.00,5126.81,3.03,1.00,3.70
FCFS,0,1,100,25,98.01,23426.63,25849.00,5085.58,2965.97,2789.50,1769.72,22666.36,25083.00,5082.72,3.13,1.00,4.68
SJF,0,1,100,25,97.94,13809.09,13676.00,8232.06,5100.66,216.00,7542.34,13048.51,13441.00,5850.17,3.13,3.00,1.56
RR,81,2,100,25,94.44,23884.09,23859.00,4972.38,3462.47,2815.50,3185.79,23120.90,23148.00,4946.34,3.03,1.00,3.92
FCFS,0,2,100,25,96.44,23865.22,26304.50,5180.14,3023.08,2864.00,1799.22,23104.07,25531.50,5173.96,3.03,1.00,4.65
SJF,0,2,100,25,96.25,15004.40,14309.00,8092.71,4615.27,119.00,7301.67,14242.56,14423.50,5905.82,3.03,3.00,1.74
RR,81,3,100,25,92.66,24459.12,24730.50,4971.23,3329.88,2810.50,3068.18,23695.52,23943.50,4950.59,2.94,1.00,3.86
FCFS,0,3,100,25,94.90,24358.12,26812.00,5210.04,3074.32,2957.50,1830.77,23597.20,25994.50,5195.94,3.03,1.00,4.48
SJF,0,3,100,25,94.83,15223.11,15000.50,8271.63,4022.51,141.50,6967.39,14461.87,15020.00,6276.24,3.03,3.00,1.57
RR,81,4,100,25,90.75,24834.60,25019.50,5040.08,3895.92,3154.00,3516.78,24071.33,24332.00,4992.87,2.86,1.00,3.57
FCFS,0,4,100,25,93.38,24892.46,27344.50,5159.00,3155.93,3040.50,1885.64,24129.87,26525.50,5168.50,2.94,1.00,4.53
SJF,0,4,100,25,92.61,15351.17,15631.50,8284.75,4807.40,161.50,7489.55,14588.05,15765.50,6410.00,2.94,3.00,1.63
RR,81,5,100,25,89.10,25133.23,25464.50,5724.65,3755.71,3280.50,3128.56,24369.36,24715.50,5687.93,2.86,1.00,3.90
FCFS,0,5,100,25,91.90,25302.90,27798.50,5253.47,3210.25,3081.50,1922.60,24541.34,26957.50,5243.40,2.94,1.00,4.44
SJF,0,5,100,25,91.72,15779.05,15798.50,8683.38,3891.60,107.00,6292.99,15018.44,15697.50,6156.34,2.94,3.00,1.43
RR,81,1,100,36,96.08,22893.87,23000.00,4029.40,3181.02,2963.50,2344.10,22107.51,22294.50,4002.13,3.13,1.50,4.21
FCFS,0,1,100,36,97.91,23278.75,25151.00,3806.40,2826.84,2863.00,1432.36,22493.92,24360.50,3801.97,3.23,1.00,5.35
SJF,0,1,100,36,97.36,14886.25,14780.00,7591.03,3053.13,97.00,5699.30,14101.41,13773.00,5613.00,3.23,3.00,1.96
RR,81,2,100,36,93.81,23799.34,23973.50,4317.64,3569.78,3055.50,2973.27,23011.53,23207.00,4303.22,3.13,1.00,4.33
FCFS,0,2,100,36,96.25,23706.12,25597.50,3851.72,2883.75,2927.00,1468.30,22921.72,24777.50,3860.91,3.23,1.00,5.30
SJF,0,2,100,36,95.68,14829.78,15338.00,7992.98,4436.38,155.50,7076.81,14046.26,13624.00,5763.73,3.13,3.00,1.60
RR,81,3,100,36,92.14,24318.92,24467.50,4250.35,3365.17,3084.00,2556.29,23531.96,23650.50,4239.68,3.03,1.00,4.30
FCFS,0,3,100,36,94.60,24083.49,25994.50,3901.15,2933.18,2983.00,1497.02,23300.56,25127.00,3916.66,3.13,1.00,5.11
SJF,0,3,100,36,94.11,15382.91,15562.00,8027.35,3930.55,158.00,6328.06,14598.79,14273.00,5925.61,3.13,3.00,1.54
RR,81,4,100,36,90.42,24536.76,24718.50,4231.25,3465.93,3212.50,2688.99,23749.91,23962.00,4234.87,3.03,1.00,4.10
FCFS,0,4,100,36,93.09,24691.69,26594.00,4013.17,3000.63,3060.50,1538.53,23905.26,25808.00,4027.15,3.03,1.00,5.07
SJF,0,4,100,36,91.89,15602.06,15864.50,8351.45,4799.94,157.00,7237.14,14815.61,14915.50,6035.98,3.03,3.00,1.47
RR,81,5,100,36,88.96,25092.80,25237.50,4521.33,3569.04,3247.00,2818.27,24307.01,24449.00,4509.37,2.94,1.00,3.98
FCFS,0,5,100,36,91.51,25477.27,27413.50,4134.10,3085.94,3163.00,1589.65,24683.53,26642.50,4141.61,3.03,1.00,5.14
SJF,0,5,100,36,91.56,15508.11,15209.50,8298.74,5039.54,166.00,7504.93,14722.13,15137.00,5832.00,3.03,3.00,1.65
RR,81,1,100,47,96.10,23399.62,23436.00,4324.60,3252.77,2865.00,2697.50,22635.48,22749.00,4303.09,3.13,1.00,4.09
FCFS,0,1,100,47,97.93,22989.58,24944.00,3908.57,3113.59,3286.50,1846.72,22228.19,24144.00,3923.76,3.23,1.00,4.82
SJF,0,1,100,47,97.92,13979.48,13289.00,7756.84,4636.38,170.00,7203.27,13215.51,12283.00,6011.57,3.23,4.00,1.80
RR,81,2,100,47,94.21,23709.70,23839.00,4094.57,3305.87,3092.50,2619.56,22944.84,23110.00,4058.94,3.03,1.00,3.88
FCFS,0,2,100,47,96.34,23456.90,25442.00,3980.46,3173.35,3370.00,1886.55,22695.23,24674.50,3994.58,3.13,1.00,4.40
SJF,0,2,100,47,96.21,14126.88,13529.00,7801.40,4389.12,157.50,7554.39,13362.85,13194.50,5774.86,3.13,3.00,1.52
RR,81,3,100,47,92.35,24073.82,24125.00,4506.45,3618.42,3274.50,2977.16,23309.06,23465.00,4483.57,3.03,1.00,3.85
FCFS,0,3,100,47,94.69,23965.32,25968.00,4039.04,3209.27,3371.50,1907.69,23202.15,25195.00,4044.39,3.13,1.00,4.67
SJF,0,3,100,47,94.55,15461.76,15244.50,7892.97,4288.80,190.00,7240.69,14698.32,14420.00,5705.38,3.13,3.00,1.74
RR,81,4,100,47,90.01,25299.54,25407.50,4522.19,3909.14,3305.00,3494.26,24526.14,24698.00,4483.87,2.86,1.00,3.67
FCFS,0,4,100,47,93.16,24477.40,26473.50,4063.19,3283.53,3368.00,1954.39,23713.96,25694.00,4070.18,3.03,1.00,4.38
SJF,0,4,100,47,93.17,15163.85,14479.50,7877.56,4795.52,162.00,7707.40,14399.90,14231.50,6038.96,3.03,3.00,1.69
RR,81,5,100,47,88.75,25136.48,25356.00,4679.62,3829.50,3416.50,3161.56,24369.06,24665.50,4645.52,2.86,1.00,3.69
FCFS,0,5,100,47,91.72,24927.47,26958.00,4154.29,3337.31,3437.00,1997.95,24163.96,26174.50,4161.06,3.03,1.00,4.71
SJF,0,5,100,47,91.50,14779.99,14583.00,8369.20,5625.09,277.50,8306.18,14015.88,13828.00,6067.30,2.94,3.00,1.54
RR,81,1,100,58,95.77,23644.02,23506.50,4373.07,3435.82,3213.50,2514.59,22878.56,22727.00,4334.75,3.13,1.00,4.25
FCFS,0,1,100,58,97.91,23474.87,25367.50,3926.28,3147.34,3515.50,1691.66,22712.91,24632.50,3913.34,3.23,1.00,5.04
SJF,0,1,100,58,97.50,14275.44,14193.00,8270.44,5544.86,297.50,7583.89,13513.58,13389.00,5740.07,3.13,3.00,1.62
RR,81,2,100,58,94.44,23848.29,23730.00,4407.84,3500.64,3314.50,2538.51,23085.32,22971.50,4387.27,3.03,1.00,4.25
FCFS,0,2,100,58,96.28,23948.62,25793.00,3857.70,3198.59,3589.00,1722.77,23187.11,25086.00,3852.60,3.13,1.00,4.76
SJF,0,2,100,58,95.43,14418.16,14602.00,8651.56,4809.55,275.00,7077.27,13656.15,13262.00,5531.20,3.13,3.00,1.18
RR,81,3,100,58,92.38,24632.39,24393.50,3937.85,3606.91,3298.50,2613.91,23867.56,23684.50,3896.93,2.94,1.00,4.00
FCFS,0,3,100,58,94.77,24309.97,26159.50,3989.74,3240.49,3627.00,1746.88,23548.79,25475.00,4001.27,3.13,1.00,4.92
SJF,0,3,100,58,94.54,15664.26,15423.00,8167.39,4749.24,183.00,7255.11,14901.94,15077.00,5505.67,3.03,3.00,1.38
RR,81,4,100,58,90.53,25161.43,24975.50,4489.75,3742.60,3368.50,2928.29,24396.73,24182.00,4461.89,2.94,1.00,4.01
FCFS,0,4,100,58,93.23,24877.85,26736.00,4045.34,3311.66,3740.50,1794.24,24115.28,26088.50,4041.36,3.03,1.00,4.63
SJF,0,4,100,58,93.02,14872.33,15264.00,8431.15,5659.81,194.00,8273.95,14108.55,13537.00,5435.05,3.03,3.00,1.61
RR,81,5,100,58,88.13,26066.23,26034.00,4728.20,3844.94,3443.00,2985.17,25293.03,25213.00,4658.67,2.86,1.00,3.81
FCFS,0,5,100,58,91.77,25417.80,27310.50,4113.06,3390.05,3843.00,1826.29,24653.04,26572.00,4110.58,2.94,1.00,4.74
SJF,0,5,100,58,91.77,15689.12,15419.50,8719.43,5612.65,197.50,8015.52,14925.38,14903.00,5979.37,2.94,3.00,1.59
RR,81,1,100,69,96.20,22204.77,22566.50,5054.69,3428.30,2747.50,3438.90,21460.32,21895.50,5009.86,3.13,1.00,3.89
FCFS,0,1,100,69,97.93,22487.90,24827.00,5030.92,2898.35,2869.50,1821.20,21745.38,24102.50,5016.42,3.13,1.50,4.48
SJF,0,1,100,69,97.66,14477.56,15074.50,7850.75,3944.46,133.50,6503.83,13736.18,14820.50,5294.32,3.13,3.00,1.77
RR,81,2,100,69,93.57,23288.26,23633.00,5062.44,3655.84,2918.50,3646.32,22536.23,22942.50,5020.58,2.94,2.00,3.46
FCFS,0,2,100,69,96.38,22936.81,25246.00,5078.65,2936.60,2809.00,1846.01,22194.09,24507.50,5062.69,3.13,1.00,4.37
SJF,0,2,100,69,96.03,14143.84,14477.00,8154.38,4146.93,101.50,6780.74,13401.22,12819.00,5182.26,3.13,3.00,1.74
RR,81,3,100,69,92.55,23198.17,23443.50,4846.92,3297.35,2773.50,3182.16,22452.82,22793.50,4820.93,2.94,1.00,3.57
FCFS,0,3,100,69,94.76,23483.89,25809.00,5061.97,3009.81,2939.00,1883.22,22740.54,25110.50,5059.84,3.03,1.00,4.22
SJF,0,3,100,69,94.83,14744.49,14903.00,8118.63,4664.83,132.50,7123.97,14002.09,14349.00,5725.43,3.03,3.00,1.53
RR,81,4,100,69,90.43,23978.22,24159.50,5382.82,3486.83,3001.50,3260.82,23232.13,23426.00,5361.52,2.86,1.00,3.57
FCFS,0,4,100,69,93.20,23997.12,26358.00,5079.35,3064.71,2956.50,1927.80,23253.65,25572.00,5073.82,3.03,1.00,4.22
SJF,0,4,100,69,93.27,14781.68,14309.50,8336.61,4439.85,127.00,7182.18,14035.90,14562.00,5794.28,3.03,3.00,1.63
RR,81,5,100,69,89.02,24516.05,24682.00,5683.16,3870.88,3241.00,3721.38,23765.80,23947.00,5645.92,2.86,1.00,3.44
FCFS,0,5,100,69,91.84,24365.85,26753.00,5186.58,3100.26,2983.00,1935.37,23622.80,25962.50,5194.82,2.94,1.00,4.29
SJF,0,5,100,69,91.66,15329.08,15639.50,8364.10,5070.98,131.50,7676.18,14585.45,15350.00,5939.76,2.94,3.00,1.79
RR,81,1,100,70,96.09,23036.98,23529.00,5090.91,3455.98,2857.50,2933.71,22279.83,22677.50,5093.10,3.13,1.00,4.59
FCFS,0,1,100,70,97.84,23168.26,25246.50,4213.29,2897.42,2889.00,1667.23,22413.45,24522.50,4238.10,3.23,1.00,5.33
SJF,0,1,100,70,97.46,14076.88,13623.50,7707.30,5285.64,227.00,7856.97,13320.50,13132.50,5914.91,3.23,3.00,1.67
RR,81,2,100,70,94.02,23049.12,23328.00,5034.12,3578.53,2949.00,3176.82,22292.20,22655.00,5025.14,3.13,1.00,4.13
FCFS,0,2,100,70,96.20,23523.41,25647.50,4280.24,2954.83,2932.00,1700.53,22769.48,24879.50,4298.88,3.23,1.00,5.64
SJF,0,2,100,70,95.89,14497.79,13976.00,7524.81,5874.04,215.00,8203.37,13742.26,13133.00,6114.50,3.23,3.00,1.56
RR,81,3,100,70,91.91,24231.60,24361.50,4697.79,3417.77,2806.00,3060.59,23473.44,23653.00,4698.68,3.03,1.00,4.22
FCFS,0,3,100,70,94.63,24100.25,26243.00,4330.09,3011.59,2990.50,1734.37,23344.98,25508.50,4347.01,3.13,1.00,5.23
SJF,0,3,100,70,94.31,14933.82,14125.00,7743.71,5625.15,172.50,8211.11,14176.49,13839.50,6033.46,3.13,3.00,1.76
RR,81,4,100,70,89.78,25988.95,25980.50,4341.63,3274.81,3051.00,2326.26,25223.30,25208.50,4329.17,2.94,1.00,4.66
FCFS,0,4,100,70,93.03,24678.30,26915.50,4359.18,3067.31,3053.00,1767.52,23920.41,26111.00,4389.87,3.03,1.00,5.49
SJF,0,4,100,70,92.54,15910.06,15527.00,7718.12,5222.76,236.00,8172.63,15145.93,16116.00,6196.49,3.03,3.00,1.83
RR,81,5,100,70,88.85,25026.77,25260.00,4965.75,3394.98,2984.00,2819.90,24270.16,24504.50,4962.44,2.94,1.00,4.01
FCFS,0,5,100,70,91.53,25034.46,27210.00,4354.28,3111.64,3107.00,1791.60,24279.00,26447.00,4382.97,3.03,1.00,5.13
SJF,0,5,100,70,91.01,15272.00,14800.50,8258.45,6674.65,654.00,8689.74,14516.49,14270.50,6387.10,3.03,3.00,1.76
